yearID,name,teamID,franchID,W,L,H,HR,BB,SO,SB,CS,ERA,SOA,salary
1985,Atlanta Braves,ATL,ATL,66,96,1359,126,553.0,849.0,72.0,52.0,4.19,776,14807000
1985,Baltimore Orioles,BAL,BAL,83,78,1451,214,604.0,908.0,69.0,43.0,4.38,793,11560712
1985,Boston Red Sox,BOS,BOS,81,81,1615,162,562.0,816.0,66.0,27.0,4.06,913,10897560
1985,California Angels,CAL,ANA,90,72,1364,153,648.0,902.0,106.0,51.0,3.91,767,14427894
1985,Chicago White Sox,CHA,CHW,85,77,1386,146,471.0,843.0,108.0,56.0,4.07,1023,9846178
1985,Chicago Cubs,CHN,CHC,77,84,1397,150,562.0,937.0,182.0,49.0,4.16,820,12702917
1985,Cincinnati Reds,CIN,CIN,89,72,1385,114,576.0,856.0,159.0,70.0,3.71,910,8359917
1985,Cleveland Indians,CLE,CLE,60,102,1465,116,492.0,817.0,132.0,72.0,4.91,702,6551666
1985,Detroit Tigers,DET,DET,84,77,1413,202,526.0,926.0,75.0,41.0,3.78,943,10348143
1985,Houston Astros,HOU,HOU,83,79,1457,121,477.0,873.0,96.0,56.0,3.66,909,9993051
1985,Kansas City Royals,KCA,KCR,91,71,1384,154,473.0,840.0,128.0,48.0,3.49,846,9321179
1985,Los Angeles Dodgers,LAN,LAD,95,67,1434,129,539.0,846.0,136.0,58.0,2.96,979,10967917
1985,Minnesota Twins,MIN,MIN,77,85,1453,141,502.0,779.0,68.0,44.0,4.48,767,5764821
1985,Milwaukee Brewers,ML4,MIL,71,90,1467,101,462.0,746.0,69.0,34.0,4.39,777,11284107
1985,Montreal Expos,MON,WSN,84,77,1342,118,492.0,880.0,169.0,77.0,3.55,870,9470166
1985,New York Yankees,NYA,NYY,97,64,1458,176,620.0,771.0,155.0,53.0,3.69,907,14238204
1985,New York Mets,NYN,NYM,98,64,1425,134,546.0,872.0,117.0,53.0,3.11,1039,10834762
1985,Oakland Athletics,OAK,OAK,77,85,1475,155,508.0,861.0,117.0,58.0,4.41,785,9058606
1985,Philadelphia Phillies,PHI,PHI,75,87,1343,141,527.0,1095.0,122.0,51.0,3.68,899,10124966
1985,Pittsburgh Pirates,PIT,PIT,57,104,1340,80,514.0,842.0,110.0,60.0,3.97,962,9227500
1985,San Diego Padres,SDN,SDP,83,79,1405,109,513.0,809.0,60.0,39.0,3.4,727,11036583
1985,Seattle Mariners,SEA,SEA,74,88,1410,171,564.0,942.0,94.0,35.0,4.68,868,4613000
1985,San Francisco Giants,SFN,SFG,62,100,1263,115,488.0,962.0,99.0,55.0,3.61,985,8221714
1985,St. Louis Cardinals,SLN,STL,101,61,1446,87,586.0,853.0,314.0,96.0,3.1,798,11817083
1985,Texas Rangers,TEX,TEX,62,99,1359,129,530.0,819.0,130.0,76.0,4.56,863,7676500
1985,Toronto Blue Jays,TOR,TOR,99,62,1482,158,503.0,807.0,144.0,77.0,3.31,823,8812550
1986,Atlanta Braves,ATL,ATL,72,89,1348,138,538.0,904.0,93.0,76.0,3.97,932,17102786
1986,Baltimore Orioles,BAL,BAL,73,89,1425,169,563.0,862.0,64.0,34.0,4.3,954,13001258
1986,Boston Red Sox,BOS,BOS,95,66,1488,144,595.0,707.0,41.0,34.0,3.93,1033,14402239
1986,California Angels,CAL,ANA,92,70,1387,167,671.0,860.0,109.0,42.0,3.84,955,14427258
1986,Chicago White Sox,CHA,CHW,72,90,1335,121,487.0,940.0,115.0,54.0,3.93,895,10418819
1986,Chicago Cubs,CHN,CHC,70,90,1409,155,508.0,966.0,132.0,62.0,4.49,962,17208165
1986,Cincinnati Reds,CIN,CIN,86,76,1404,144,586.0,920.0,177.0,53.0,3.91,924,11906388
1986,Cleveland Indians,CLE,CLE,84,78,1620,157,456.0,944.0,141.0,54.0,4.58,744,7809500
1986,Detroit Tigers,DET,DET,87,75,1447,198,613.0,885.0,138.0,58.0,4.02,880,12335714
1986,Houston Astros,HOU,HOU,96,66,1388,125,536.0,916.0,163.0,75.0,3.15,1160,9873276
1986,Kansas City Royals,KCA,KCR,76,86,1403,137,474.0,919.0,97.0,46.0,3.82,888,13043698
1986,Los Angeles Dodgers,LAN,LAD,73,89,1373,130,478.0,966.0,155.0,67.0,3.76,1051,14913776
1986,Minnesota Twins,MIN,MIN,71,91,1446,196,501.0,977.0,81.0,61.0,4.77,937,8748167
1986,Milwaukee Brewers,ML4,MIL,77,84,1393,127,530.0,986.0,100.0,50.0,4.01,952,9943642
1986,Montreal Expos,MON,WSN,78,83,1401,110,537.0,1016.0,193.0,95.0,3.78,1051,11103600
1986,New York Yankees,NYA,NYY,90,72,1512,188,645.0,911.0,139.0,48.0,4.11,878,18494253
1986,New York Mets,NYN,NYM,108,54,1462,148,631.0,968.0,118.0,48.0,3.11,1083,15393714
1986,Oakland Athletics,OAK,OAK,76,86,1370,163,553.0,983.0,139.0,61.0,4.31,937,9779421
1986,Philadelphia Phillies,PHI,PHI,86,75,1386,154,589.0,1154.0,153.0,59.0,3.85,874,11590166
1986,Pittsburgh Pirates,PIT,PIT,64,98,1366,111,569.0,929.0,152.0,84.0,3.9,924,10843500
1986,San Diego Padres,SDN,SDP,74,88,1442,136,484.0,917.0,96.0,68.0,3.99,934,11380693
1986,Seattle Mariners,SEA,SEA,67,95,1392,158,572.0,1148.0,93.0,76.0,4.65,944,5958309
1986,San Francisco Giants,SFN,SFG,83,79,1394,114,536.0,1087.0,148.0,93.0,3.33,992,8947000
1986,St. Louis Cardinals,SLN,STL,79,82,1270,58,568.0,905.0,262.0,78.0,3.37,761,9875010
1986,Texas Rangers,TEX,TEX,87,75,1479,184,511.0,1088.0,103.0,85.0,4.11,1059,6743119
1986,Toronto Blue Jays,TOR,TOR,86,76,1540,181,496.0,848.0,110.0,59.0,4.08,1002,12611047
1987,Atlanta Braves,ATL,ATL,69,92,1401,152,641.0,834.0,135.0,68.0,4.63,837,16544560
1987,Baltimore Orioles,BAL,BAL,67,95,1437,211,524.0,939.0,69.0,45.0,5.01,870,13900273
1987,Boston Red Sox,BOS,BOS,78,84,1554,174,606.0,825.0,77.0,45.0,4.77,1034,10144167
1987,California Angels,CAL,ANA,75,87,1406,172,590.0,926.0,125.0,44.0,4.38,941,12843499
1987,Chicago White Sox,CHA,CHW,77,85,1427,173,487.0,971.0,138.0,52.0,4.3,792,10641843
1987,Chicago Cubs,CHN,CHC,76,85,1475,209,504.0,1064.0,109.0,48.0,4.55,1024,14307999
1987,Cincinnati Reds,CIN,CIN,84,78,1478,192,514.0,928.0,169.0,46.0,4.24,919,9281500
1987,Cleveland Indians,CLE,CLE,61,101,1476,187,489.0,977.0,140.0,54.0,5.28,849,8513750
1987,Detroit Tigers,DET,DET,98,64,1535,225,653.0,913.0,106.0,50.0,4.02,976,12122881
1987,Houston Astros,HOU,HOU,76,86,1386,122,526.0,936.0,162.0,46.0,3.84,1137,12608371
1987,Kansas City Royals,KCA,KCR,83,79,1443,168,523.0,1034.0,125.0,43.0,3.86,923,11828056
1987,Los Angeles Dodgers,LAN,LAD,73,89,1389,125,445.0,923.0,128.0,59.0,3.72,1097,13675403
1987,Minnesota Twins,MIN,MIN,85,77,1422,196,523.0,898.0,113.0,65.0,4.63,990,6397500
1987,Milwaukee Brewers,ML4,MIL,91,71,1552,163,598.0,1040.0,176.0,74.0,4.62,1039,7293224
1987,Montreal Expos,MON,WSN,91,71,1467,120,501.0,918.0,166.0,74.0,3.92,1012,6942052
1987,New York Yankees,NYA,NYY,89,73,1445,196,604.0,949.0,105.0,43.0,4.36,900,17099714
1987,New York Mets,NYN,NYM,92,70,1499,192,592.0,1012.0,159.0,49.0,3.84,1032,13846714
1987,Oakland Athletics,OAK,OAK,81,81,1432,199,593.0,1056.0,140.0,63.0,4.32,1042,11680839
1987,Philadelphia Phillies,PHI,PHI,80,82,1390,169,587.0,1109.0,111.0,49.0,4.18,877,11514233
1987,Pittsburgh Pirates,PIT,PIT,80,82,1464,131,535.0,914.0,140.0,58.0,4.2,914,7652000
1987,San Diego Padres,SDN,SDP,65,97,1419,113,577.0,992.0,198.0,91.0,4.27,897,11065796
1987,Seattle Mariners,SEA,SEA,78,84,1499,161,500.0,863.0,174.0,73.0,4.49,919,2263500
1987,San Francisco Giants,SFN,SFG,90,72,1458,205,511.0,1094.0,126.0,97.0,3.68,1038,7290000
1987,St. Louis Cardinals,SLN,STL,95,67,1449,94,644.0,933.0,248.0,72.0,3.91,873,11758000
1987,Texas Rangers,TEX,TEX,75,87,1478,194,567.0,1081.0,120.0,71.0,4.63,1103,880000
1987,Toronto Blue Jays,TOR,TOR,96,66,1514,215,555.0,970.0,126.0,50.0,3.74,1064,10479501
1988,Atlanta Braves,ATL,ATL,54,106,1319,96,432.0,848.0,95.0,69.0,4.09,810,12728174
1988,Baltimore Orioles,BAL,BAL,54,107,1275,137,504.0,869.0,69.0,44.0,4.54,709,13532075
1988,Boston Red Sox,BOS,BOS,89,73,1569,124,623.0,728.0,65.0,36.0,3.97,1085,13896092
1988,California Angels,CAL,ANA,75,87,1458,124,469.0,819.0,86.0,52.0,4.32,817,11947388
1988,Chicago White Sox,CHA,CHW,71,90,1327,132,446.0,908.0,98.0,46.0,4.12,754,6390000
1988,Chicago Cubs,CHN,CHC,77,85,1481,113,403.0,910.0,120.0,46.0,3.84,897,13119198
1988,Cincinnati Reds,CIN,CIN,87,74,1334,122,479.0,922.0,207.0,56.0,3.35,934,8888409
1988,Cleveland Indians,CLE,CLE,78,84,1435,134,416.0,866.0,97.0,50.0,4.16,812,8936500
1988,Detroit Tigers,DET,DET,88,74,1358,143,588.0,841.0,87.0,42.0,3.71,890,12869571
1988,Houston Astros,HOU,HOU,82,80,1338,96,474.0,840.0,198.0,71.0,3.41,1049,12286167
1988,Kansas City Royals,KCA,KCR,84,77,1419,121,486.0,944.0,137.0,54.0,3.65,886,14556562
1988,Los Angeles Dodgers,LAN,LAD,94,67,1346,99,437.0,947.0,131.0,46.0,2.96,1029,16850515
1988,Minnesota Twins,MIN,MIN,91,71,1508,151,528.0,832.0,107.0,63.0,3.93,897,12462666
1988,Milwaukee Brewers,ML4,MIL,87,75,1409,113,439.0,911.0,159.0,55.0,3.45,832,8402000
1988,Montreal Expos,MON,WSN,81,81,1400,107,454.0,1053.0,189.0,89.0,3.08,923,9603333
1988,New York Yankees,NYA,NYY,85,76,1469,148,588.0,935.0,146.0,39.0,4.26,861,19441152
1988,New York Mets,NYN,NYM,100,60,1387,152,544.0,842.0,140.0,51.0,2.91,1100,15269314
1988,Oakland Athletics,OAK,OAK,104,58,1474,156,580.0,926.0,129.0,54.0,3.44,983,9690000
1988,Philadelphia Phillies,PHI,PHI,65,96,1294,106,489.0,981.0,112.0,49.0,4.14,859,13838000
1988,Pittsburgh Pirates,PIT,PIT,85,75,1327,110,553.0,947.0,119.0,60.0,3.47,790,5998500
1988,San Diego Padres,SDN,SDP,83,78,1325,94,494.0,892.0,123.0,50.0,3.28,885,9561002
1988,Seattle Mariners,SEA,SEA,68,93,1397,148,461.0,787.0,95.0,61.0,4.15,981,7342450
1988,San Francisco Giants,SFN,SFG,83,79,1353,113,550.0,1023.0,121.0,78.0,3.39,875,12380000
1988,St. Louis Cardinals,SLN,STL,76,86,1373,71,484.0,827.0,234.0,64.0,3.47,881,12880000
1988,Texas Rangers,TEX,TEX,70,91,1378,112,542.0,1022.0,130.0,57.0,4.05,912,5342131
1988,Toronto Blue Jays,TOR,TOR,87,75,1491,158,521.0,935.0,107.0,36.0,3.8,904,12241225
1989,Atlanta Braves,ATL,ATL,63,97,1281,128,485.0,996.0,83.0,54.0,3.7,966,11112334
1989,Baltimore Orioles,BAL,BAL,87,75,1369,129,593.0,957.0,118.0,55.0,4.0,676,8275167
1989,Boston Red Sox,BOS,BOS,83,79,1571,108,643.0,755.0,56.0,35.0,4.01,1054,17481748
1989,California Angels,CAL,ANA,91,71,1422,145,429.0,1011.0,89.0,40.0,3.28,897,15097833
1989,Chicago White Sox,CHA,CHW,69,92,1493,94,464.0,873.0,97.0,52.0,4.23,778,7265410
1989,Chicago Cubs,CHN,CHC,93,69,1438,124,472.0,921.0,136.0,57.0,3.43,918,10668000
1989,Cincinnati Reds,CIN,CIN,75,87,1362,128,493.0,1028.0,128.0,71.0,3.73,981,11072000
1989,Cleveland Indians,CLE,CLE,73,89,1340,127,499.0,934.0,74.0,51.0,3.65,844,9094500
1989,Detroit Tigers,DET,DET,59,103,1315,116,585.0,899.0,103.0,50.0,4.53,831,15146404
1989,Houston Astros,HOU,HOU,86,76,1316,97,530.0,860.0,144.0,62.0,3.64,965,15029500
1989,Kansas City Royals,KCA,KCR,92,70,1428,101,554.0,897.0,154.0,51.0,3.55,978,18683568
1989,Los Angeles Dodgers,LAN,LAD,77,83,1313,89,507.0,885.0,81.0,54.0,2.95,1052,21071562
1989,Minnesota Twins,MIN,MIN,80,82,1542,117,478.0,743.0,111.0,53.0,4.28,851,15531666
1989,Milwaukee Brewers,ML4,MIL,81,81,1415,126,455.0,791.0,165.0,62.0,3.8,812,11533000
1989,Montreal Expos,MON,WSN,81,81,1353,100,572.0,958.0,160.0,70.0,3.48,1059,13807389
1989,New York Yankees,NYA,NYY,74,87,1470,130,502.0,831.0,137.0,60.0,4.5,787,17114375
1989,New York Mets,NYN,NYM,87,75,1351,147,504.0,934.0,158.0,53.0,3.29,1108,19885071
1989,Oakland Athletics,OAK,OAK,99,63,1414,127,562.0,855.0,157.0,55.0,3.09,930,15613070
1989,Philadelphia Phillies,PHI,PHI,67,95,1324,123,558.0,926.0,106.0,50.0,4.04,899,10604000
1989,Pittsburgh Pirates,PIT,PIT,74,88,1334,95,563.0,914.0,155.0,69.0,3.64,827,12737500
1989,San Diego Padres,SDN,SDP,89,73,1360,120,552.0,1013.0,136.0,67.0,3.38,933,14195000
1989,Seattle Mariners,SEA,SEA,73,89,1417,134,489.0,838.0,81.0,55.0,4.0,897,9779500
1989,San Francisco Giants,SFN,SFG,92,70,1365,141,508.0,1071.0,87.0,54.0,3.3,802,14962834
1989,St. Louis Cardinals,SLN,STL,86,76,1418,73,507.0,848.0,155.0,54.0,3.36,844,16078833
1989,Texas Rangers,TEX,TEX,83,79,1433,122,503.0,989.0,101.0,49.0,3.91,1112,11893781
1989,Toronto Blue Jays,TOR,TOR,89,73,1449,142,521.0,923.0,144.0,58.0,3.58,849,16261666
1990,Atlanta Braves,ATL,ATL,65,97,1376,162,473.0,1010.0,92.0,55.0,4.58,938,14555501
1990,Baltimore Orioles,BAL,BAL,76,85,1328,132,660.0,962.0,94.0,52.0,4.04,776,9680084
1990,Boston Red Sox,BOS,BOS,88,74,1502,106,598.0,795.0,53.0,52.0,3.72,997,20558333
1990,California Angels,CAL,ANA,80,82,1448,147,566.0,1000.0,69.0,43.0,3.79,944,21720000
1990,Chicago White Sox,CHA,CHW,94,68,1393,106,478.0,903.0,140.0,90.0,3.61,914,9491500
1990,Chicago Cubs,CHN,CHC,77,85,1474,136,406.0,869.0,151.0,50.0,4.34,877,13624000
1990,Cincinnati Reds,CIN,CIN,91,71,1466,125,466.0,913.0,166.0,66.0,3.39,1029,14370000
1990,Cleveland Indians,CLE,CLE,77,85,1465,110,458.0,836.0,107.0,52.0,4.26,860,14487000
1990,Detroit Tigers,DET,DET,79,83,1418,172,634.0,952.0,82.0,57.0,4.39,856,17593238
1990,Houston Astros,HOU,HOU,75,87,1301,94,548.0,997.0,179.0,83.0,3.61,854,18330000
1990,Kansas City Royals,KCA,KCR,75,86,1465,100,498.0,879.0,107.0,62.0,3.93,1006,23361084
1990,Los Angeles Dodgers,LAN,LAD,86,76,1436,129,538.0,952.0,141.0,65.0,3.72,1021,21318704
1990,Minnesota Twins,MIN,MIN,74,88,1458,100,445.0,749.0,96.0,53.0,4.12,872,14602000
1990,Milwaukee Brewers,ML4,MIL,74,88,1408,128,519.0,821.0,164.0,72.0,4.08,771,19719167
1990,Montreal Expos,MON,WSN,85,77,1363,114,576.0,1024.0,235.0,99.0,3.37,991,16586388
1990,New York Yankees,NYA,NYY,67,95,1322,147,427.0,1027.0,119.0,45.0,4.21,909,20912318
1990,New York Mets,NYN,NYM,91,71,1410,172,536.0,851.0,110.0,33.0,3.43,1217,21722834
1990,Oakland Athletics,OAK,OAK,103,59,1379,164,651.0,992.0,141.0,54.0,3.18,831,19887501
1990,Philadelphia Phillies,PHI,PHI,77,85,1410,103,582.0,915.0,108.0,35.0,4.07,840,13173667
1990,Pittsburgh Pirates,PIT,PIT,95,67,1395,138,582.0,914.0,137.0,52.0,3.4,848,15556000
1990,San Diego Padres,SDN,SDP,75,87,1429,123,509.0,902.0,138.0,59.0,3.68,928,17588334
1990,Seattle Mariners,SEA,SEA,77,85,1419,107,596.0,749.0,105.0,51.0,3.69,1064,12553667
1990,San Francisco Giants,SFN,SFG,85,77,1459,152,488.0,973.0,109.0,56.0,4.08,788,19335333
1990,St. Louis Cardinals,SLN,STL,70,92,1398,73,517.0,844.0,221.0,74.0,3.87,833,20523334
1990,Texas Rangers,TEX,TEX,83,79,1416,110,575.0,1054.0,115.0,48.0,3.83,997,14874372
1990,Toronto Blue Jays,TOR,TOR,86,76,1479,167,526.0,970.0,111.0,52.0,3.84,892,17756834
1991,Atlanta Braves,ATL,ATL,94,68,1407,141,563.0,906.0,165.0,76.0,3.49,969,18403500
1991,Baltimore Orioles,BAL,BAL,67,95,1421,170,528.0,974.0,50.0,33.0,4.59,868,17519000
1991,Boston Red Sox,BOS,BOS,84,78,1486,126,593.0,820.0,59.0,39.0,4.01,999,35167500
1991,California Angels,CAL,ANA,81,81,1396,115,448.0,928.0,94.0,56.0,3.69,990,33060001
1991,Chicago White Sox,CHA,CHW,87,75,1464,139,610.0,896.0,134.0,74.0,3.79,923,16919667
1991,Chicago Cubs,CHN,CHC,77,83,1395,159,442.0,879.0,123.0,64.0,4.03,927,23175667
1991,Cincinnati Reds,CIN,CIN,74,88,1419,164,488.0,1006.0,124.0,56.0,3.83,997,26305333
1991,Cleveland Indians,CLE,CLE,57,105,1390,79,449.0,888.0,84.0,58.0,4.23,862,17635000
1991,Detroit Tigers,DET,DET,84,78,1372,209,699.0,1185.0,109.0,47.0,4.51,739,23838333
1991,Houston Astros,HOU,HOU,65,97,1345,79,502.0,1027.0,125.0,68.0,4.0,1033,12852500
1991,Kansas City Royals,KCA,KCR,82,80,1475,117,523.0,969.0,119.0,68.0,3.92,1004,26319834
1991,Los Angeles Dodgers,LAN,LAD,93,69,1366,108,583.0,957.0,126.0,68.0,3.06,1028,32790664
1991,Minnesota Twins,MIN,MIN,95,67,1557,140,526.0,747.0,107.0,68.0,3.69,876,23361833
1991,Milwaukee Brewers,ML4,MIL,83,79,1523,116,556.0,802.0,106.0,68.0,4.14,859,23115500
1991,Montreal Expos,MON,WSN,71,90,1329,95,484.0,1056.0,221.0,100.0,3.64,909,10732333
1991,New York Yankees,NYA,NYY,71,91,1418,147,473.0,861.0,109.0,36.0,4.42,936,27344168
1991,New York Mets,NYN,NYM,77,84,1305,117,578.0,789.0,153.0,70.0,3.56,1028,32590001
1991,Oakland Athletics,OAK,OAK,84,78,1342,159,642.0,981.0,151.0,64.0,4.57,892,36999167
1991,Philadelphia Phillies,PHI,PHI,78,84,1332,111,490.0,1026.0,92.0,30.0,3.86,988,22487332
1991,Pittsburgh Pirates,PIT,PIT,98,64,1433,126,620.0,901.0,124.0,46.0,3.44,919,23634667
1991,San Diego Padres,SDN,SDP,84,78,1321,121,501.0,1069.0,101.0,64.0,3.57,921,22150001
1991,Seattle Mariners,SEA,SEA,83,79,1400,126,588.0,811.0,97.0,44.0,3.79,1003,15691833
1991,San Francisco Giants,SFN,SFG,75,87,1345,141,471.0,973.0,95.0,57.0,4.03,905,30967666
1991,St. Louis Cardinals,SLN,STL,84,78,1366,68,532.0,857.0,202.0,110.0,3.69,822,21860001
1991,Texas Rangers,TEX,TEX,85,77,1539,177,596.0,1039.0,102.0,50.0,4.47,1022,18224500
1991,Toronto Blue Jays,TOR,TOR,91,71,1412,133,499.0,1043.0,148.0,53.0,3.5,971,19902417
1992,Atlanta Braves,ATL,ATL,98,64,1391,138,493.0,924.0,126.0,60.0,3.14,948,34625333
1992,Baltimore Orioles,BAL,BAL,89,73,1423,148,647.0,827.0,89.0,48.0,3.79,846,23780667
1992,Boston Red Sox,BOS,BOS,73,89,1343,84,591.0,865.0,44.0,48.0,3.58,943,43610584
1992,California Angels,CAL,ANA,72,90,1306,88,416.0,882.0,160.0,101.0,3.84,888,34749334
1992,Chicago White Sox,CHA,CHW,86,76,1434,110,622.0,784.0,160.0,57.0,3.82,810,30160833
1992,Chicago Cubs,CHN,CHC,78,84,1420,104,417.0,816.0,77.0,51.0,3.39,901,29829686
1992,Cincinnati Reds,CIN,CIN,90,72,1418,99,563.0,888.0,125.0,65.0,3.46,1060,35931499
1992,Cleveland Indians,CLE,CLE,76,86,1495,127,448.0,885.0,144.0,67.0,4.11,890,9373044
1992,Detroit Tigers,DET,DET,75,87,1411,182,675.0,1055.0,66.0,45.0,4.6,693,27322834
1992,Houston Astros,HOU,HOU,81,81,1350,96,506.0,1025.0,139.0,54.0,3.72,978,15407500
1992,Kansas City Royals,KCA,KCR,72,90,1411,75,439.0,741.0,131.0,71.0,3.81,834,33893834
1992,Los Angeles Dodgers,LAN,LAD,63,99,1333,72,503.0,899.0,142.0,78.0,3.41,981,44788166
1992,Minnesota Twins,MIN,MIN,90,72,1544,104,527.0,834.0,123.0,74.0,3.7,923,28027834
1992,Milwaukee Brewers,ML4,MIL,92,70,1477,82,511.0,779.0,256.0,115.0,3.43,793,31013667
1992,Montreal Expos,MON,WSN,87,75,1381,102,463.0,976.0,196.0,63.0,3.25,1014,15822334
1992,New York Yankees,NYA,NYY,76,86,1462,163,536.0,903.0,78.0,37.0,4.21,851,37543334
1992,New York Mets,NYN,NYM,72,90,1254,93,572.0,956.0,129.0,52.0,3.66,1025,44602002
1992,Oakland Athletics,OAK,OAK,96,66,1389,142,707.0,831.0,143.0,59.0,3.73,843,41035000
1992,Philadelphia Phillies,PHI,PHI,70,92,1392,118,509.0,1059.0,127.0,31.0,4.11,851,24383834
1992,Pittsburgh Pirates,PIT,PIT,96,66,1409,106,569.0,872.0,110.0,53.0,3.35,844,33944167
1992,San Diego Padres,SDN,SDP,82,80,1396,135,453.0,864.0,69.0,52.0,3.56,971,26854167
1992,Seattle Mariners,SEA,SEA,64,98,1466,149,474.0,841.0,100.0,55.0,4.55,894,23179833
1992,San Francisco Giants,SFN,SFG,72,90,1330,105,435.0,1067.0,112.0,64.0,3.61,927,33163168
1992,St. Louis Cardinals,SLN,STL,83,79,1464,94,495.0,996.0,208.0,118.0,3.38,842,27583836
1992,Texas Rangers,TEX,TEX,77,85,1387,159,550.0,1036.0,81.0,44.0,4.09,1034,30128167
1992,Toronto Blue Jays,TOR,TOR,96,66,1458,163,561.0,933.0,129.0,39.0,3.91,954,44788666
1993,Atlanta Braves,ATL,ATL,104,58,1444,169,560.0,946.0,125.0,48.0,3.14,1036,41641417
1993,Baltimore Orioles,BAL,BAL,85,77,1470,157,655.0,930.0,73.0,54.0,4.31,900,29096500
1993,Boston Red Sox,BOS,BOS,80,82,1451,114,508.0,871.0,73.0,38.0,3.77,997,37120583
1993,California Angels,CAL,ANA,71,91,1399,114,564.0,930.0,169.0,100.0,4.34,843,28588334
1993,Chicago White Sox,CHA,CHW,94,68,1454,162,604.0,834.0,106.0,57.0,3.7,974,39696166
1993,Chicago Cubs,CHN,CHC,84,78,1521,161,446.0,923.0,100.0,43.0,4.18,905,39386666
1993,Cincinnati Reds,CIN,CIN,73,89,1457,137,485.0,1025.0,142.0,59.0,4.51,996,44879666
1993,Cleveland Indians,CLE,CLE,76,86,1547,141,488.0,843.0,159.0,55.0,4.58,888,18561000
1993,Colorado Rockies,COL,COL,67,95,1507,142,388.0,944.0,146.0,90.0,5.41,913,10353500
1993,Detroit Tigers,DET,DET,85,77,1546,178,765.0,1122.0,104.0,63.0,4.65,828,38150165
1993,Florida Marlins,FLO,FLA,64,98,1356,94,498.0,1054.0,117.0,56.0,4.13,945,19330545
1993,Houston Astros,HOU,HOU,85,77,1459,138,497.0,911.0,103.0,60.0,3.49,1056,30210500
1993,Kansas City Royals,KCA,KCR,84,78,1455,125,428.0,936.0,100.0,75.0,4.04,985,41346167
1993,Los Angeles Dodgers,LAN,LAD,81,81,1458,130,492.0,937.0,126.0,61.0,3.5,1043,39331999
1993,Minnesota Twins,MIN,MIN,71,91,1480,121,493.0,850.0,83.0,59.0,4.71,901,28217933
1993,Milwaukee Brewers,ML4,MIL,69,93,1426,125,555.0,932.0,138.0,93.0,4.45,810,23806834
1993,Montreal Expos,MON,WSN,94,68,1410,122,542.0,860.0,228.0,56.0,3.55,934,18899333
1993,New York Yankees,NYA,NYY,88,74,1568,178,629.0,910.0,39.0,35.0,4.35,899,42624900
1993,New York Mets,NYN,NYM,59,103,1350,158,448.0,879.0,79.0,50.0,4.05,867,39043667
1993,Oakland Athletics,OAK,OAK,68,94,1408,158,622.0,1048.0,131.0,59.0,4.9,864,37812333
1993,Philadelphia Phillies,PHI,PHI,97,65,1555,156,665.0,1049.0,91.0,32.0,3.95,1117,28538334
1993,Pittsburgh Pirates,PIT,PIT,75,87,1482,110,536.0,972.0,92.0,55.0,4.77,832,24822467
1993,San Diego Padres,SDN,SDP,61,101,1386,153,443.0,1046.0,92.0,41.0,4.23,957,25511333
1993,Seattle Mariners,SEA,SEA,82,80,1429,161,624.0,901.0,91.0,68.0,4.2,1083,32696333
1993,San Francisco Giants,SFN,SFG,103,59,1534,168,516.0,930.0,120.0,65.0,3.61,982,35050000
1993,St. Louis Cardinals,SLN,STL,87,75,1508,118,588.0,882.0,153.0,72.0,4.09,775,23367334
1993,Texas Rangers,TEX,TEX,86,76,1472,181,483.0,984.0,113.0,67.0,4.28,957,36376959
1993,Toronto Blue Jays,TOR,TOR,95,67,1556,159,588.0,861.0,170.0,49.0,4.21,1023,47279166
1994,Atlanta Braves,ATL,ATL,68,46,1031,137,377.0,668.0,48.0,31.0,3.57,865,49383513
1994,Baltimore Orioles,BAL,BAL,63,49,1047,139,438.0,655.0,69.0,13.0,4.31,666,38849769
1994,Boston Red Sox,BOS,BOS,54,61,1038,120,404.0,723.0,81.0,38.0,4.93,729,37859084
1994,California Angels,CAL,ANA,47,68,1042,120,402.0,715.0,65.0,54.0,5.42,682,25156218
1994,Chicago White Sox,CHA,CHW,67,46,1133,121,497.0,568.0,77.0,27.0,3.96,754,39183836
1994,Chicago Cubs,CHN,CHC,49,64,1015,109,364.0,750.0,69.0,53.0,4.47,717,36287333
1994,Cincinnati Reds,CIN,CIN,66,48,1142,124,388.0,738.0,119.0,51.0,3.78,799,40961833
1994,Cleveland Indians,CLE,CLE,66,47,1165,167,382.0,629.0,131.0,48.0,4.36,666,30490500
1994,Colorado Rockies,COL,COL,53,64,1098,125,378.0,761.0,91.0,53.0,5.15,703,23887333
1994,Detroit Tigers,DET,DET,53,62,1048,161,520.0,897.0,46.0,33.0,5.38,560,41446501
1994,Florida Marlins,FLO,FLA,51,64,1043,94,349.0,746.0,65.0,26.0,4.5,649,21633000
1994,Houston Astros,HOU,HOU,66,49,1099,120,394.0,718.0,124.0,44.0,3.97,739,33126000
1994,Kansas City Royals,KCA,KCR,64,51,1051,100,376.0,698.0,140.0,62.0,4.23,717,40541334
1994,Los Angeles Dodgers,LAN,LAD,58,56,1055,115,366.0,687.0,74.0,37.0,4.17,732,38000001
1994,Minnesota Twins,MIN,MIN,53,60,1092,103,359.0,635.0,94.0,30.0,5.68,602,28438500
1994,Milwaukee Brewers,ML4,MIL,53,62,1045,99,417.0,680.0,59.0,37.0,4.62,577,24350500
1994,Montreal Expos,MON,WSN,74,40,1111,108,379.0,669.0,137.0,36.0,3.56,805,19098000
1994,New York Yankees,NYA,NYY,70,43,1155,139,530.0,660.0,55.0,40.0,4.34,656,45731334
1994,New York Mets,NYN,NYM,55,58,966,117,336.0,807.0,25.0,26.0,4.13,640,30956583
1994,Oakland Athletics,OAK,OAK,51,63,1009,113,417.0,686.0,91.0,39.0,4.8,732,34172500
1994,Philadelphia Phillies,PHI,PHI,54,61,1028,80,396.0,711.0,67.0,24.0,3.85,699,31599000
1994,Pittsburgh Pirates,PIT,PIT,53,61,1001,80,349.0,725.0,53.0,25.0,4.64,650,24217250
1994,San Diego Padres,SDN,SDP,47,70,1117,92,319.0,762.0,79.0,37.0,4.08,862,14916333
1994,Seattle Mariners,SEA,SEA,49,63,1045,153,372.0,652.0,48.0,21.0,4.99,763,29228500
1994,San Francisco Giants,SFN,SFG,55,60,963,123,364.0,719.0,114.0,40.0,3.99,655,42638666
1994,St. Louis Cardinals,SLN,STL,53,61,1026,108,434.0,686.0,76.0,46.0,5.14,632,29275601
1994,Texas Rangers,TEX,TEX,52,62,1114,124,437.0,730.0,82.0,35.0,5.45,683,32973597
1994,Toronto Blue Jays,TOR,TOR,55,60,1064,115,387.0,691.0,79.0,26.0,4.7,832,43433668
1995,Atlanta Braves,ATL,ATL,90,54,1202,168,520.0,933.0,73.0,43.0,3.44,1087,47235445
1995,Baltimore Orioles,BAL,BAL,71,73,1267,173,574.0,803.0,92.0,45.0,4.31,930,43942521
1995,Boston Red Sox,BOS,BOS,86,58,1399,175,560.0,923.0,99.0,44.0,4.39,888,32455518
1995,California Angels,CAL,ANA,78,67,1390,186,564.0,889.0,58.0,39.0,4.52,901,31223171
1995,Chicago White Sox,CHA,CHW,68,76,1417,146,576.0,767.0,110.0,39.0,4.85,892,46961282
1995,Chicago Cubs,CHN,CHC,73,71,1315,158,440.0,953.0,105.0,37.0,4.13,926,29505834
1995,Cincinnati Reds,CIN,CIN,85,59,1326,161,519.0,946.0,190.0,68.0,4.03,903,43144670
1995,Cleveland Indians,CLE,CLE,100,44,1461,207,542.0,766.0,132.0,53.0,3.83,926,37937835
1995,Colorado Rockies,COL,COL,77,67,1406,200,484.0,943.0,125.0,59.0,4.97,891,34154717
1995,Detroit Tigers,DET,DET,60,84,1204,159,551.0,987.0,73.0,36.0,5.49,729,37044168
1995,Florida Marlins,FLO,FLA,67,76,1278,144,517.0,916.0,131.0,53.0,4.27,994,24515781
1995,Houston Astros,HOU,HOU,76,68,1403,109,566.0,992.0,176.0,60.0,4.06,1056,34169834
1995,Kansas City Royals,KCA,KCR,70,74,1275,119,475.0,849.0,120.0,53.0,4.49,763,29532834
1995,Los Angeles Dodgers,LAN,LAD,78,66,1303,140,468.0,1023.0,127.0,45.0,3.66,1060,39273201
1995,Minnesota Twins,MIN,MIN,56,88,1398,120,471.0,916.0,105.0,57.0,5.76,790,25410500
1995,Milwaukee Brewers,ML4,MIL,65,79,1329,128,502.0,800.0,105.0,40.0,4.82,699,17798825
1995,Montreal Expos,MON,WSN,66,78,1268,118,400.0,901.0,120.0,49.0,4.11,950,12364000
1995,New York Yankees,NYA,NYY,79,65,1365,122,625.0,851.0,50.0,30.0,4.56,908,48874851
1995,New York Mets,NYN,NYM,69,75,1323,125,446.0,994.0,58.0,39.0,3.88,901,27674992
1995,Oakland Athletics,OAK,OAK,67,77,1296,169,565.0,911.0,112.0,46.0,4.93,890,37739225
1995,Philadelphia Phillies,PHI,PHI,69,75,1296,94,497.0,884.0,72.0,25.0,4.21,980,30555945
1995,Pittsburgh Pirates,PIT,PIT,58,86,1281,125,456.0,972.0,84.0,55.0,4.7,871,18355345
1995,San Diego Padres,SDN,SDP,70,74,1345,116,447.0,872.0,124.0,46.0,4.13,1047,26382334
1995,Seattle Mariners,SEA,SEA,79,66,1377,182,549.0,871.0,110.0,41.0,4.5,1068,36481311
1995,San Francisco Giants,SFN,SFG,67,77,1256,152,472.0,1060.0,138.0,46.0,4.86,801,36462777
1995,St. Louis Cardinals,SLN,STL,62,81,1182,107,436.0,920.0,79.0,46.0,4.09,842,37101000
1995,Texas Rangers,TEX,TEX,74,70,1304,138,526.0,877.0,90.0,47.0,4.66,838,34581451
1995,Toronto Blue Jays,TOR,TOR,56,88,1309,140,492.0,906.0,75.0,16.0,4.88,894,50590000
1996,Atlanta Braves,ATL,ATL,96,66,1514,197,530.0,1032.0,83.0,43.0,3.52,1245,49698500
1996,Baltimore Orioles,BAL,BAL,88,74,1557,257,645.0,915.0,76.0,40.0,5.14,1047,54490315
1996,Boston Red Sox,BOS,BOS,85,77,1631,209,642.0,1020.0,91.0,44.0,4.98,1165,42393500
1996,California Angels,CAL,ANA,70,91,1571,192,527.0,974.0,53.0,39.0,5.3,1052,28738000
1996,Chicago White Sox,CHA,CHW,85,77,1586,195,701.0,927.0,105.0,41.0,4.52,1039,45139500
1996,Chicago Cubs,CHN,CHC,76,86,1388,175,523.0,1090.0,108.0,50.0,4.36,1027,33081000
1996,Cincinnati Reds,CIN,CIN,81,81,1398,191,604.0,1134.0,171.0,63.0,4.32,1089,42526334
1996,Cleveland Indians,CLE,CLE,99,62,1665,218,671.0,844.0,160.0,50.0,4.34,1033,48107360
1996,Colorado Rockies,COL,COL,83,79,1607,221,527.0,1108.0,201.0,66.0,5.59,932,40179823
1996,Detroit Tigers,DET,DET,53,109,1413,204,546.0,1268.0,87.0,50.0,6.38,957,23438000
1996,Florida Marlins,FLO,FLA,80,82,1413,150,553.0,1122.0,99.0,46.0,3.95,1050,31022500
1996,Houston Astros,HOU,HOU,82,80,1445,129,554.0,1057.0,180.0,63.0,4.37,1163,28487000
1996,Kansas City Royals,KCA,KCR,75,86,1477,123,529.0,943.0,195.0,85.0,4.55,926,20281250
1996,Los Angeles Dodgers,LAN,LAD,90,72,1396,150,516.0,1190.0,124.0,40.0,3.46,1212,35355000
1996,Minnesota Twins,MIN,MIN,78,84,1633,118,576.0,958.0,143.0,53.0,5.28,959,23117000
1996,Milwaukee Brewers,ML4,MIL,80,82,1578,178,624.0,986.0,101.0,48.0,5.14,846,21730000
1996,Montreal Expos,MON,WSN,88,74,1441,148,492.0,1077.0,108.0,34.0,3.78,1206,16264500
1996,New York Yankees,NYA,NYY,92,70,1621,162,632.0,909.0,96.0,46.0,4.65,1139,54191792
1996,New York Mets,NYN,NYM,71,91,1515,147,445.0,1069.0,97.0,48.0,4.22,999,24479500
1996,Oakland Athletics,OAK,OAK,78,84,1492,243,640.0,1114.0,58.0,35.0,5.2,884,21243000
1996,Philadelphia Phillies,PHI,PHI,67,95,1405,132,536.0,1092.0,117.0,41.0,4.48,1044,34314500
1996,Pittsburgh Pirates,PIT,PIT,73,89,1509,138,510.0,989.0,126.0,49.0,4.61,1044,23017500
1996,San Diego Padres,SDN,SDP,91,71,1499,147,601.0,1014.0,109.0,55.0,3.72,1194,28348172
1996,Seattle Mariners,SEA,SEA,85,76,1625,245,670.0,1052.0,90.0,39.0,5.21,1000,41328501
1996,San Francisco Giants,SFN,SFG,68,94,1400,153,615.0,1189.0,113.0,53.0,4.71,997,37144725
1996,St. Louis Cardinals,SLN,STL,88,74,1468,142,495.0,1089.0,149.0,58.0,3.97,1050,40269667
1996,Texas Rangers,TEX,TEX,90,72,1622,221,660.0,1041.0,83.0,26.0,4.65,976,39041528
1996,Toronto Blue Jays,TOR,TOR,74,88,1451,177,529.0,1105.0,116.0,38.0,4.57,1033,29555083
1997,Anaheim Angels,ANA,ANA,84,78,1531,161,617.0,953.0,126.0,72.0,4.52,1050,31135472
1997,Atlanta Braves,ATL,ATL,101,61,1490,174,597.0,1160.0,108.0,58.0,3.18,1196,52278500
1997,Baltimore Orioles,BAL,BAL,98,64,1498,196,586.0,952.0,63.0,26.0,3.91,1139,58516400
1997,Boston Red Sox,BOS,BOS,78,84,1684,185,514.0,1044.0,68.0,48.0,4.85,987,43558750
1997,Chicago White Sox,CHA,CHW,80,81,1498,158,569.0,901.0,106.0,52.0,4.73,961,57740000
1997,Chicago Cubs,CHN,CHC,68,94,1444,127,451.0,1003.0,116.0,60.0,4.44,1072,42155333
1997,Cincinnati Reds,CIN,CIN,76,86,1386,142,518.0,1113.0,190.0,67.0,4.41,1159,49768000
1997,Cleveland Indians,CLE,CLE,86,75,1589,220,617.0,955.0,118.0,59.0,4.73,1036,56802460
1997,Colorado Rockies,COL,COL,83,79,1611,239,562.0,1060.0,137.0,65.0,5.25,870,43559667
1997,Detroit Tigers,DET,DET,79,83,1415,176,578.0,1164.0,161.0,72.0,4.56,982,17272000
1997,Florida Marlins,FLO,FLA,92,70,1410,136,686.0,1074.0,115.0,58.0,3.83,1188,48692500
1997,Houston Astros,HOU,HOU,84,78,1427,133,633.0,1085.0,171.0,74.0,3.66,1138,34777500
1997,Kansas City Royals,KCA,KCR,67,94,1478,158,561.0,1061.0,130.0,66.0,4.7,961,34655000
1997,Los Angeles Dodgers,LAN,LAD,88,74,1488,174,498.0,1079.0,131.0,64.0,3.62,1232,45380304
1997,Minnesota Twins,MIN,MIN,68,94,1522,132,495.0,1121.0,151.0,52.0,5.0,908,34072500
1997,Milwaukee Brewers,ML4,MIL,78,83,1415,135,494.0,967.0,103.0,55.0,4.22,1016,23655338
1997,Montreal Expos,MON,WSN,78,84,1423,172,420.0,1084.0,75.0,46.0,4.14,1138,19295500
1997,New York Yankees,NYA,NYY,96,66,1636,161,676.0,954.0,99.0,58.0,3.84,1165,62241545
1997,New York Mets,NYN,NYM,88,74,1448,153,550.0,1029.0,97.0,74.0,3.95,982,39800400
1997,Oakland Athletics,OAK,OAK,65,97,1451,197,642.0,1181.0,71.0,36.0,5.48,953,24018500
1997,Philadelphia Phillies,PHI,PHI,68,94,1390,116,519.0,1032.0,92.0,56.0,4.85,1209,36656500
1997,Pittsburgh Pirates,PIT,PIT,79,83,1440,129,481.0,1161.0,160.0,50.0,4.28,1080,10771667
1997,San Diego Padres,SDN,SDP,76,86,1519,152,604.0,1129.0,140.0,60.0,4.98,1059,37363672
1997,Seattle Mariners,SEA,SEA,90,72,1574,264,626.0,1110.0,89.0,40.0,4.78,1207,41540661
1997,San Francisco Giants,SFN,SFG,90,72,1415,172,642.0,1120.0,121.0,49.0,4.39,1044,35592378
1997,St. Louis Cardinals,SLN,STL,73,89,1409,144,543.0,1191.0,164.0,60.0,3.88,1130,45456667
1997,Texas Rangers,TEX,TEX,77,85,1547,187,500.0,1116.0,72.0,37.0,4.69,925,53448838
1997,Toronto Blue Jays,TOR,TOR,76,86,1333,147,487.0,1138.0,134.0,50.0,3.92,1150,47079833
1998,Anaheim Angels,ANA,ANA,85,77,1530,147,510.0,1028.0,93.0,45.0,4.49,1091,41281000
1998,Arizona Diamondbacks,ARI,ARI,65,97,1353,159,489.0,1239.0,73.0,38.0,4.63,908,32347000
1998,Atlanta Braves,ATL,ATL,106,56,1489,215,548.0,1062.0,98.0,43.0,3.25,1232,61186000
1998,Baltimore Orioles,BAL,BAL,79,83,1520,214,593.0,903.0,86.0,48.0,4.74,1065,72355634
1998,Boston Red Sox,BOS,BOS,92,70,1568,205,541.0,1049.0,72.0,39.0,4.18,1025,56757000
1998,Chicago White Sox,CHA,CHW,80,82,1516,198,551.0,916.0,127.0,46.0,5.22,911,38335000
1998,Chicago Cubs,CHN,CHC,90,73,1494,212,601.0,1223.0,65.0,44.0,4.47,1207,50838000
1998,Cincinnati Reds,CIN,CIN,77,85,1441,138,608.0,1107.0,95.0,42.0,4.44,1098,23005000
1998,Cleveland Indians,CLE,CLE,89,73,1530,198,630.0,1061.0,143.0,60.0,4.44,1037,60800166
1998,Colorado Rockies,COL,COL,77,85,1640,183,469.0,949.0,67.0,47.0,4.99,951,50484648
1998,Detroit Tigers,DET,DET,65,97,1494,165,455.0,1070.0,122.0,62.0,4.93,947,24065000
1998,Florida Marlins,FLO,FLA,54,108,1381,114,525.0,1120.0,115.0,57.0,5.18,1016,41322667
1998,Houston Astros,HOU,HOU,102,60,1578,166,621.0,1122.0,155.0,51.0,3.5,1187,42374000
1998,Kansas City Royals,KCA,KCR,72,89,1459,134,475.0,984.0,135.0,50.0,5.15,999,36862500
1998,Los Angeles Dodgers,LAN,LAD,83,79,1374,159,447.0,1056.0,137.0,53.0,3.81,1178,48820000
1998,Milwaukee Brewers,MIL,MIL,74,88,1439,152,532.0,1039.0,81.0,59.0,4.63,1063,33914904
1998,Minnesota Twins,MIN,MIN,70,92,1499,115,506.0,915.0,112.0,54.0,4.75,952,27927500
1998,Montreal Expos,MON,WSN,65,97,1348,147,439.0,1058.0,91.0,46.0,4.38,1017,10641500
1998,New York Yankees,NYA,NYY,114,48,1625,207,653.0,1025.0,153.0,63.0,3.82,1080,66806867
1998,New York Mets,NYN,NYM,88,74,1425,136,572.0,1049.0,62.0,46.0,3.76,1129,52077999
1998,Oakland Athletics,OAK,OAK,74,88,1413,149,633.0,1122.0,131.0,47.0,4.81,922,21303000
1998,Philadelphia Phillies,PHI,PHI,75,87,1482,126,508.0,1080.0,97.0,45.0,4.64,1176,36297500
1998,Pittsburgh Pirates,PIT,PIT,69,93,1395,107,393.0,1060.0,159.0,51.0,3.91,1112,15065000
1998,San Diego Padres,SDN,SDP,98,64,1390,167,604.0,1072.0,79.0,37.0,3.63,1217,46861500
1998,Seattle Mariners,SEA,SEA,76,85,1553,234,558.0,1081.0,115.0,39.0,4.93,1156,54087036
1998,San Francisco Giants,SFN,SFG,89,74,1540,161,678.0,1040.0,102.0,51.0,4.18,1089,42565834
1998,St. Louis Cardinals,SLN,STL,83,79,1444,223,676.0,1179.0,133.0,41.0,4.31,972,54672521
1998,Tampa Bay Devil Rays,TBA,TBD,63,99,1450,111,473.0,1107.0,120.0,73.0,4.35,1008,27280000
1998,Texas Rangers,TEX,TEX,88,74,1637,201,595.0,1045.0,82.0,47.0,4.99,994,56572095
1998,Toronto Blue Jays,TOR,TOR,88,74,1482,221,564.0,1132.0,184.0,81.0,4.28,1154,51376000
1999,Anaheim Angels,ANA,ANA,70,92,1404,158,511.0,1022.0,71.0,45.0,4.79,877,55388166
1999,Arizona Diamondbacks,ARI,ARI,100,62,1566,216,588.0,1045.0,137.0,39.0,3.77,1198,68703999
1999,Atlanta Braves,ATL,ATL,103,59,1481,197,608.0,962.0,148.0,66.0,3.63,1197,73140000
1999,Baltimore Orioles,BAL,BAL,78,84,1572,203,615.0,890.0,107.0,46.0,4.77,982,80605863
1999,Boston Red Sox,BOS,BOS,94,68,1551,176,597.0,928.0,67.0,39.0,4.0,1131,63497500
1999,Chicago White Sox,CHA,CHW,75,86,1563,162,499.0,810.0,110.0,50.0,4.92,968,25620000
1999,Chicago Cubs,CHN,CHC,67,95,1411,189,571.0,1170.0,60.0,44.0,5.27,980,62343000
1999,Cincinnati Reds,CIN,CIN,96,67,1536,209,569.0,1125.0,164.0,54.0,3.98,1081,33962761
1999,Cleveland Indians,CLE,CLE,97,65,1629,209,743.0,1099.0,147.0,50.0,4.89,1120,72978462
1999,Colorado Rockies,COL,COL,72,90,1644,223,508.0,863.0,70.0,43.0,6.01,1032,61935837
1999,Detroit Tigers,DET,DET,69,92,1433,212,458.0,1049.0,108.0,70.0,5.17,976,36489666
1999,Florida Marlins,FLO,FLA,64,98,1465,128,479.0,1145.0,92.0,46.0,4.9,943,21085000
1999,Houston Astros,HOU,HOU,97,65,1463,168,728.0,1138.0,166.0,75.0,3.83,1204,54914000
1999,Kansas City Royals,KCA,KCR,64,97,1584,151,535.0,932.0,127.0,39.0,5.35,831,26225000
1999,Los Angeles Dodgers,LAN,LAD,77,85,1480,187,594.0,1030.0,167.0,68.0,4.45,1077,80862453
1999,Milwaukee Brewers,MIL,MIL,74,87,1524,165,658.0,1065.0,81.0,33.0,5.07,987,43377395
1999,Minnesota Twins,MIN,MIN,63,97,1450,105,500.0,978.0,118.0,60.0,5.0,927,21257500
1999,Montreal Expos,MON,WSN,68,94,1473,163,438.0,939.0,70.0,51.0,4.69,1043,17903000
1999,New York Yankees,NYA,NYY,98,64,1568,193,718.0,978.0,104.0,57.0,4.13,1111,86734359
1999,New York Mets,NYN,NYM,97,66,1553,181,717.0,994.0,150.0,61.0,4.27,1172,65092092
1999,Oakland Athletics,OAK,OAK,87,75,1430,235,770.0,1129.0,70.0,37.0,4.69,967,24431833
1999,Philadelphia Phillies,PHI,PHI,77,85,1539,161,631.0,1081.0,125.0,35.0,4.92,1030,31692500
1999,Pittsburgh Pirates,PIT,PIT,78,83,1417,171,573.0,1197.0,112.0,44.0,4.33,1083,24697666
1999,San Diego Padres,SDN,SDP,74,88,1360,153,631.0,1169.0,174.0,67.0,4.47,1078,49768179
1999,Seattle Mariners,SEA,SEA,79,83,1499,244,610.0,1095.0,130.0,45.0,5.24,980,54125003
1999,San Francisco Giants,SFN,SFG,86,76,1507,188,696.0,1028.0,109.0,56.0,4.71,1076,46595057
1999,St. Louis Cardinals,SLN,STL,75,86,1461,194,613.0,1202.0,134.0,48.0,4.74,1025,49778195
1999,Tampa Bay Devil Rays,TBA,TBD,69,93,1531,145,544.0,1042.0,73.0,49.0,5.06,1055,38870000
1999,Texas Rangers,TEX,TEX,95,67,1653,230,611.0,937.0,111.0,54.0,5.07,979,76709931
1999,Toronto Blue Jays,TOR,TOR,84,78,1580,212,578.0,1077.0,119.0,48.0,4.92,1009,45444333
2000,Anaheim Angels,ANA,ANA,82,80,1574,236,608.0,1024.0,93.0,52.0,5.0,846,51464167
2000,Arizona Diamondbacks,ARI,ARI,85,77,1466,179,535.0,975.0,97.0,44.0,4.35,1220,81027833
2000,Atlanta Braves,ATL,ATL,95,67,1490,179,595.0,1010.0,148.0,56.0,4.05,1093,84537836
2000,Baltimore Orioles,BAL,BAL,74,88,1508,184,558.0,900.0,126.0,65.0,5.37,1017,81447435
2000,Boston Red Sox,BOS,BOS,85,77,1503,167,611.0,1019.0,43.0,30.0,4.23,1121,77940333
2000,Chicago White Sox,CHA,CHW,95,67,1615,216,591.0,960.0,119.0,42.0,4.66,1037,31133500
2000,Chicago Cubs,CHN,CHC,65,97,1426,183,632.0,1120.0,93.0,37.0,5.25,1143,60539333
2000,Cincinnati Reds,CIN,CIN,85,77,1545,200,559.0,995.0,100.0,38.0,4.33,1015,46867200
2000,Cleveland Indians,CLE,CLE,90,72,1639,221,685.0,1057.0,113.0,34.0,4.84,1213,75880771
2000,Colorado Rockies,COL,COL,82,80,1664,161,601.0,907.0,131.0,61.0,5.26,1001,61111190
2000,Detroit Tigers,DET,DET,79,83,1553,177,562.0,982.0,83.0,38.0,4.71,978,58265167
2000,Florida Marlins,FLO,FLA,79,82,1441,160,540.0,1184.0,168.0,55.0,4.59,1051,19872000
2000,Houston Astros,HOU,HOU,72,90,1547,249,673.0,1129.0,114.0,52.0,5.42,1064,51289111
2000,Kansas City Royals,KCA,KCR,77,85,1644,150,511.0,840.0,121.0,35.0,5.48,927,23433000
2000,Los Angeles Dodgers,LAN,LAD,86,76,1408,211,668.0,1083.0,95.0,42.0,4.1,1154,87924286
2000,Milwaukee Brewers,MIL,MIL,73,89,1366,177,620.0,1245.0,72.0,44.0,4.63,967,36505333
2000,Minnesota Twins,MIN,MIN,69,93,1516,116,556.0,1021.0,90.0,45.0,5.14,1042,16519500
2000,Montreal Expos,MON,WSN,67,95,1475,178,476.0,1048.0,58.0,48.0,5.13,1011,32994333
2000,New York Yankees,NYA,NYY,87,74,1541,205,631.0,1007.0,99.0,48.0,4.76,1040,92338260
2000,New York Mets,NYN,NYM,94,68,1445,198,675.0,1037.0,66.0,46.0,4.16,1164,79509776
2000,Oakland Athletics,OAK,OAK,91,70,1501,239,750.0,1159.0,40.0,15.0,4.58,963,31971333
2000,Philadelphia Phillies,PHI,PHI,65,97,1386,144,611.0,1117.0,102.0,30.0,4.77,1123,47308000
2000,Pittsburgh Pirates,PIT,PIT,69,93,1506,168,564.0,1032.0,86.0,40.0,4.94,1070,28928334
2000,San Diego Padres,SDN,SDP,76,86,1413,157,602.0,1177.0,131.0,53.0,4.52,1071,54821000
2000,Seattle Mariners,SEA,SEA,91,71,1481,198,775.0,1073.0,122.0,56.0,4.49,998,58915000
2000,San Francisco Giants,SFN,SFG,97,65,1535,226,709.0,1032.0,79.0,39.0,4.21,1076,53737826
2000,St. Louis Cardinals,SLN,STL,95,67,1481,235,675.0,1253.0,87.0,51.0,4.38,1100,61453863
2000,Tampa Bay Devil Rays,TBA,TBD,69,92,1414,162,558.0,1022.0,90.0,46.0,4.86,955,62765129
2000,Texas Rangers,TEX,TEX,71,91,1601,173,580.0,922.0,69.0,47.0,5.52,918,70795921
2000,Toronto Blue Jays,TOR,TOR,83,79,1562,244,526.0,1026.0,89.0,34.0,5.14,978,44838332
2001,Anaheim Angels,ANA,ANA,75,87,1447,158,494.0,1001.0,116.0,52.0,4.2,947,47535167
2001,Arizona Diamondbacks,ARI,ARI,92,70,1494,208,587.0,1052.0,71.0,38.0,3.87,1297,85082999
2001,Atlanta Braves,ATL,ATL,88,74,1432,174,493.0,1039.0,85.0,46.0,3.59,1133,91936166
2001,Baltimore Orioles,BAL,BAL,63,98,1359,136,514.0,989.0,133.0,53.0,4.67,938,67599540
2001,Boston Red Sox,BOS,BOS,82,79,1493,198,520.0,1131.0,46.0,35.0,4.15,1259,110035833
2001,Chicago White Sox,CHA,CHW,83,79,1463,214,520.0,998.0,123.0,59.0,4.55,921,65653667
2001,Chicago Cubs,CHN,CHC,88,74,1409,194,577.0,1077.0,67.0,36.0,4.03,1344,64715833
2001,Cincinnati Reds,CIN,CIN,66,96,1464,176,468.0,1172.0,103.0,54.0,4.77,943,48986000
2001,Cleveland Indians,CLE,CLE,91,71,1559,212,577.0,1076.0,79.0,41.0,4.64,1218,93152001
2001,Colorado Rockies,COL,COL,73,89,1663,213,511.0,1027.0,132.0,54.0,5.29,1058,71541334
2001,Detroit Tigers,DET,DET,66,96,1439,139,466.0,972.0,133.0,61.0,5.01,859,53416167
2001,Florida Marlins,FLO,FLA,76,86,1461,166,470.0,1145.0,89.0,40.0,4.32,1119,35762500
2001,Houston Astros,HOU,HOU,93,69,1500,208,581.0,1119.0,64.0,49.0,4.37,1228,60612667
2001,Kansas City Royals,KCA,KCR,65,97,1503,152,406.0,898.0,100.0,42.0,4.87,911,35422500
2001,Los Angeles Dodgers,LAN,LAD,86,76,1399,206,519.0,1062.0,89.0,42.0,4.25,1212,109105953
2001,Milwaukee Brewers,MIL,MIL,68,94,1378,209,488.0,1399.0,66.0,36.0,4.64,1057,43886833
2001,Minnesota Twins,MIN,MIN,85,77,1514,164,495.0,1083.0,146.0,67.0,4.51,965,24130000
2001,Montreal Expos,MON,WSN,68,94,1361,131,478.0,1071.0,101.0,51.0,4.68,1103,35159500
2001,New York Yankees,NYA,NYY,95,65,1488,203,519.0,1035.0,161.0,53.0,4.02,1266,112287143
2001,New York Mets,NYN,NYM,82,80,1361,147,545.0,1062.0,66.0,48.0,4.07,1191,93174428
2001,Oakland Athletics,OAK,OAK,102,60,1469,199,640.0,1021.0,68.0,29.0,3.59,1117,33810750
2001,Philadelphia Phillies,PHI,PHI,86,76,1431,164,551.0,1125.0,153.0,47.0,4.15,1086,41663833
2001,Pittsburgh Pirates,PIT,PIT,62,100,1333,161,467.0,1106.0,93.0,73.0,5.05,908,57760833
2001,San Diego Padres,SDN,SDP,79,83,1379,161,678.0,1273.0,129.0,44.0,4.52,1088,39182833
2001,Seattle Mariners,SEA,SEA,116,46,1637,169,614.0,989.0,174.0,42.0,3.54,1051,74720834
2001,San Francisco Giants,SFN,SFG,90,72,1493,235,625.0,1090.0,57.0,42.0,4.18,1080,63280167
2001,St. Louis Cardinals,SLN,STL,93,69,1469,199,529.0,1089.0,91.0,35.0,3.93,1083,78538333
2001,Tampa Bay Devil Rays,TBA,TBD,62,100,1426,121,456.0,1116.0,115.0,52.0,4.94,1030,56980000
2001,Texas Rangers,TEX,TEX,73,89,1566,246,548.0,1093.0,97.0,32.0,5.71,951,88633500
2001,Toronto Blue Jays,TOR,TOR,80,82,1489,195,470.0,1094.0,156.0,55.0,4.28,1041,76895999
2002,Anaheim Angels,ANA,ANA,99,63,1603,152,462.0,805.0,117.0,51.0,3.69,999,61721667
2002,Arizona Diamondbacks,ARI,ARI,98,64,1471,165,643.0,1016.0,92.0,46.0,3.92,1303,102819999
2002,Atlanta Braves,ATL,ATL,101,59,1428,164,558.0,1028.0,76.0,39.0,3.13,1058,92870367
2002,Baltimore Orioles,BAL,BAL,67,95,1353,165,452.0,993.0,110.0,48.0,4.46,967,60493487
2002,Boston Red Sox,BOS,BOS,93,69,1560,177,545.0,944.0,80.0,28.0,3.75,1157,108366060
2002,Chicago White Sox,CHA,CHW,81,81,1475,217,555.0,952.0,75.0,31.0,4.53,945,57052833
2002,Chicago Cubs,CHN,CHC,67,95,1351,200,585.0,1269.0,63.0,21.0,4.29,1333,75690833
2002,Cincinnati Reds,CIN,CIN,78,84,1386,169,583.0,1188.0,116.0,52.0,4.27,980,45050390
2002,Cleveland Indians,CLE,CLE,74,88,1349,192,542.0,1000.0,52.0,37.0,4.91,1058,78909449
2002,Colorado Rockies,COL,COL,73,89,1508,152,497.0,1043.0,103.0,53.0,5.2,920,56851043
2002,Detroit Tigers,DET,DET,55,106,1340,124,363.0,1035.0,65.0,44.0,4.92,794,55048000
2002,Florida Marlins,FLO,FLA,79,83,1433,146,595.0,1130.0,177.0,73.0,4.36,1104,41979917
2002,Houston Astros,HOU,HOU,84,78,1441,167,589.0,1120.0,71.0,27.0,4.0,1219,63448417
2002,Kansas City Royals,KCA,KCR,62,100,1415,140,524.0,921.0,140.0,65.0,5.21,909,47257000
2002,Los Angeles Dodgers,LAN,LAD,92,70,1464,155,428.0,940.0,96.0,37.0,3.69,1132,94850953
2002,Milwaukee Brewers,MIL,MIL,56,106,1369,139,500.0,1125.0,94.0,50.0,4.73,1026,50287833
2002,Minnesota Twins,MIN,MIN,94,67,1518,167,472.0,1089.0,79.0,62.0,4.12,1026,40425000
2002,Montreal Expos,MON,WSN,83,79,1432,162,575.0,1104.0,118.0,64.0,3.97,1088,38670500
2002,New York Yankees,NYA,NYY,103,58,1540,223,640.0,1171.0,100.0,38.0,3.87,1135,125928583
2002,New York Mets,NYN,NYM,75,86,1409,160,486.0,1044.0,87.0,42.0,3.89,1107,94633593
2002,Oakland Athletics,OAK,OAK,103,59,1450,205,609.0,1008.0,46.0,20.0,3.68,1021,40004167
2002,Philadelphia Phillies,PHI,PHI,80,81,1428,165,640.0,1095.0,104.0,43.0,4.17,1075,57954999
2002,Pittsburgh Pirates,PIT,PIT,72,89,1300,142,537.0,1109.0,86.0,49.0,4.23,920,42323599
2002,San Diego Padres,SDN,SDP,66,96,1393,136,547.0,1062.0,71.0,44.0,4.62,1108,41425000
2002,Seattle Mariners,SEA,SEA,93,69,1531,152,629.0,1003.0,137.0,58.0,4.07,1063,80282668
2002,San Francisco Giants,SFN,SFG,95,66,1465,198,616.0,961.0,74.0,21.0,3.54,992,78299835
2002,St. Louis Cardinals,SLN,STL,97,65,1475,175,542.0,927.0,86.0,42.0,3.7,1009,74660875
2002,Tampa Bay Devil Rays,TBA,TBD,55,106,1418,133,456.0,1115.0,102.0,45.0,5.29,925,34380000
2002,Texas Rangers,TEX,TEX,72,90,1510,230,554.0,1055.0,62.0,34.0,5.15,1030,105526122
2002,Toronto Blue Jays,TOR,TOR,78,84,1457,187,522.0,1142.0,71.0,18.0,4.8,991,76864333
2003,Anaheim Angels,ANA,ANA,77,85,1473,150,476.0,838.0,129.0,61.0,4.28,980,79031667
2003,Arizona Diamondbacks,ARI,ARI,84,78,1467,152,531.0,1006.0,76.0,38.0,3.84,1291,80657000
2003,Atlanta Braves,ATL,ATL,101,61,1608,235,545.0,933.0,68.0,22.0,4.1,992,106243667
2003,Baltimore Orioles,BAL,BAL,71,91,1516,152,431.0,902.0,89.0,36.0,4.76,981,73877500
2003,Boston Red Sox,BOS,BOS,95,67,1667,238,620.0,943.0,88.0,35.0,4.48,1141,99946500
2003,Chicago White Sox,CHA,CHW,86,76,1445,220,519.0,916.0,77.0,29.0,4.17,1056,51010000
2003,Chicago Cubs,CHN,CHC,88,74,1431,172,492.0,1158.0,73.0,31.0,3.83,1404,79868333
2003,Cincinnati Reds,CIN,CIN,69,93,1349,182,524.0,1326.0,80.0,34.0,5.09,932,59355667
2003,Cleveland Indians,CLE,CLE,68,94,1413,158,466.0,1062.0,86.0,61.0,4.21,943,48584834
2003,Colorado Rockies,COL,COL,74,88,1472,198,619.0,1134.0,63.0,37.0,5.2,866,67179667
2003,Detroit Tigers,DET,DET,43,119,1312,153,443.0,1099.0,98.0,63.0,5.3,764,49168000
2003,Florida Marlins,FLO,FLA,91,71,1459,157,515.0,978.0,150.0,74.0,4.04,1132,49450000
2003,Houston Astros,HOU,HOU,87,75,1466,191,557.0,1021.0,66.0,30.0,3.86,1139,71040000
2003,Kansas City Royals,KCA,KCR,83,79,1526,162,476.0,926.0,120.0,42.0,5.05,865,40518000
2003,Los Angeles Dodgers,LAN,LAD,85,77,1328,124,407.0,985.0,80.0,36.0,3.16,1289,105572620
2003,Milwaukee Brewers,MIL,MIL,68,94,1423,196,547.0,1221.0,99.0,39.0,5.02,1034,40627000
2003,Minnesota Twins,MIN,MIN,90,72,1567,155,512.0,1027.0,94.0,44.0,4.41,997,55505000
2003,Montreal Expos,MON,WSN,83,79,1404,144,522.0,990.0,100.0,39.0,4.01,1028,51948500
2003,New York Yankees,NYA,NYY,101,61,1518,230,684.0,1042.0,98.0,33.0,4.02,1119,152749814
2003,New York Mets,NYN,NYM,66,95,1317,124,489.0,1035.0,70.0,31.0,4.48,907,116876429
2003,Oakland Athletics,OAK,OAK,96,66,1398,176,556.0,898.0,48.0,14.0,3.63,1018,50260834
2003,Philadelphia Phillies,PHI,PHI,86,76,1448,166,651.0,1155.0,72.0,29.0,4.04,1060,70780000
2003,Pittsburgh Pirates,PIT,PIT,75,87,1492,163,529.0,1049.0,86.0,37.0,4.64,926,54812429
2003,San Diego Padres,SDN,SDP,64,98,1442,128,565.0,1073.0,76.0,39.0,4.87,1091,45210000
2003,Seattle Mariners,SEA,SEA,93,69,1509,139,586.0,989.0,108.0,37.0,3.76,1001,86959167
2003,San Francisco Giants,SFN,SFG,100,61,1440,180,593.0,980.0,53.0,37.0,3.73,1006,82852167
2003,St. Louis Cardinals,SLN,STL,85,77,1580,196,580.0,952.0,82.0,32.0,4.6,969,83786666
2003,Tampa Bay Devil Rays,TBA,TBD,63,99,1501,137,420.0,1030.0,142.0,42.0,4.93,877,19630000
2003,Texas Rangers,TEX,TEX,71,91,1506,239,488.0,1052.0,65.0,25.0,5.67,1009,103491667
2003,Toronto Blue Jays,TOR,TOR,86,76,1580,190,546.0,1081.0,37.0,25.0,4.69,984,51269000
2004,Anaheim Angels,ANA,ANA,92,70,1603,162,450.0,942.0,143.0,46.0,4.28,1164,100534667
2004,Arizona Diamondbacks,ARI,ARI,51,111,1401,135,441.0,1022.0,53.0,32.0,4.98,1153,69780750
2004,Atlanta Braves,ATL,ATL,96,66,1503,178,587.0,1158.0,86.0,32.0,3.74,1025,90182500
2004,Baltimore Orioles,BAL,BAL,78,84,1614,169,528.0,949.0,101.0,41.0,4.7,1090,51623333
2004,Boston Red Sox,BOS,BOS,98,64,1613,222,659.0,1189.0,68.0,30.0,4.18,1132,127298500
2004,Chicago White Sox,CHA,CHW,83,79,1481,242,499.0,1030.0,78.0,51.0,4.91,1013,65212500
2004,Chicago Cubs,CHN,CHC,89,73,1508,235,489.0,1080.0,66.0,28.0,3.81,1346,90560000
2004,Cincinnati Reds,CIN,CIN,76,86,1380,194,599.0,1335.0,77.0,25.0,5.19,992,46615250
2004,Cleveland Indians,CLE,CLE,80,82,1565,184,606.0,1009.0,94.0,55.0,4.81,1115,34319300
2004,Colorado Rockies,COL,COL,68,94,1531,202,568.0,1181.0,44.0,33.0,5.54,947,65445167
2004,Detroit Tigers,DET,DET,72,90,1531,201,518.0,1144.0,86.0,50.0,4.93,995,46832000
2004,Florida Marlins,FLO,FLA,83,79,1447,148,499.0,968.0,96.0,43.0,4.1,1116,42143042
2004,Houston Astros,HOU,HOU,92,70,1458,187,590.0,999.0,89.0,30.0,4.05,1282,75397000
2004,Kansas City Royals,KCA,KCR,58,104,1432,150,461.0,1057.0,67.0,48.0,5.15,887,47609000
2004,Los Angeles Dodgers,LAN,LAD,93,69,1450,203,536.0,1092.0,102.0,41.0,4.01,1066,92902001
2004,Milwaukee Brewers,MIL,MIL,67,94,1358,135,540.0,1312.0,138.0,40.0,4.24,1098,27528500
2004,Minnesota Twins,MIN,MIN,92,70,1494,191,513.0,982.0,116.0,46.0,4.03,1123,53585000
2004,Montreal Expos,MON,WSN,67,95,1361,151,496.0,925.0,109.0,38.0,4.33,1032,40897500
2004,New York Yankees,NYA,NYY,101,61,1483,242,670.0,982.0,84.0,33.0,4.69,1058,184193950
2004,New York Mets,NYN,NYM,71,91,1376,185,512.0,1159.0,107.0,23.0,4.09,977,96660970
2004,Oakland Athletics,OAK,OAK,91,71,1545,189,608.0,1061.0,47.0,22.0,4.17,1034,59425667
2004,Philadelphia Phillies,PHI,PHI,86,76,1505,215,645.0,1133.0,100.0,27.0,4.45,1070,92919167
2004,Pittsburgh Pirates,PIT,PIT,72,89,1428,142,415.0,1066.0,63.0,40.0,4.29,1079,32227929
2004,San Diego Padres,SDN,SDP,87,75,1521,139,566.0,910.0,52.0,25.0,4.03,1079,55384833
2004,Seattle Mariners,SEA,SEA,63,99,1544,136,492.0,1058.0,110.0,42.0,4.76,1036,81515834
2004,San Francisco Giants,SFN,SFG,91,71,1500,183,705.0,874.0,43.0,23.0,4.29,1020,82019166
2004,St. Louis Cardinals,SLN,STL,105,57,1544,214,548.0,1085.0,111.0,47.0,3.75,1041,83228333
2004,Tampa Bay Devil Rays,TBA,TBD,70,91,1416,145,469.0,944.0,132.0,42.0,4.81,923,29556667
2004,Texas Rangers,TEX,TEX,89,73,1492,227,500.0,1099.0,69.0,36.0,4.53,979,55050417
2004,Toronto Blue Jays,TOR,TOR,67,94,1438,145,513.0,1083.0,58.0,31.0,4.91,956,50017000
2005,Arizona Diamondbacks,ARI,ARI,77,85,1419,191,606.0,1094.0,67.0,26.0,4.84,1038,62329166
2005,Atlanta Braves,ATL,ATL,90,72,1453,184,534.0,1084.0,92.0,32.0,3.98,929,86457302
2005,Baltimore Orioles,BAL,BAL,74,88,1492,189,447.0,902.0,83.0,37.0,4.56,1052,73914333
2005,Boston Red Sox,BOS,BOS,95,67,1579,199,653.0,1044.0,45.0,12.0,4.74,959,123505125
2005,Chicago White Sox,CHA,CHW,99,63,1450,200,435.0,1002.0,137.0,67.0,3.61,1040,75178000
2005,Chicago Cubs,CHN,CHC,79,83,1506,194,419.0,920.0,65.0,39.0,4.19,1256,87032933
2005,Cincinnati Reds,CIN,CIN,73,89,1453,222,611.0,1303.0,72.0,23.0,5.15,955,61892583
2005,Cleveland Indians,CLE,CLE,93,69,1522,207,503.0,1093.0,62.0,36.0,3.61,1050,41502500
2005,Colorado Rockies,COL,COL,67,95,1477,150,509.0,1103.0,65.0,32.0,5.13,981,47839000
2005,Detroit Tigers,DET,DET,71,91,1521,168,384.0,1038.0,66.0,28.0,4.51,907,69092000
2005,Florida Marlins,FLO,FLA,83,79,1499,128,512.0,918.0,96.0,38.0,4.16,1125,60408834
2005,Houston Astros,HOU,HOU,89,73,1400,161,481.0,1037.0,115.0,44.0,3.51,1164,76779000
2005,Kansas City Royals,KCA,KCR,56,106,1445,126,424.0,1008.0,53.0,33.0,5.49,924,36881000
2005,Los Angeles Angels of Anaheim,LAA,ANA,95,67,1520,147,447.0,848.0,161.0,57.0,3.68,1126,94867822
2005,Los Angeles Dodgers,LAN,LAD,71,91,1374,149,541.0,1094.0,58.0,35.0,4.38,1004,83039000
2005,Milwaukee Brewers,MIL,MIL,81,81,1413,175,531.0,1162.0,79.0,34.0,3.97,1173,39934833
2005,Minnesota Twins,MIN,MIN,83,79,1441,134,485.0,978.0,102.0,44.0,3.71,965,56186000
2005,New York Yankees,NYA,NYY,95,67,1552,229,637.0,989.0,84.0,27.0,4.52,985,208306817
2005,New York Mets,NYN,NYM,83,79,1421,175,486.0,1075.0,153.0,40.0,3.76,1012,101305821
2005,Oakland Athletics,OAK,OAK,88,74,1476,155,537.0,819.0,31.0,22.0,3.69,1075,55425762
2005,Philadelphia Phillies,PHI,PHI,88,74,1494,167,639.0,1083.0,116.0,27.0,4.21,1159,95522000
2005,Pittsburgh Pirates,PIT,PIT,67,95,1445,139,471.0,1092.0,73.0,30.0,4.42,958,38133000
2005,San Diego Padres,SDN,SDP,82,80,1416,130,600.0,977.0,99.0,44.0,4.13,1133,63290833
2005,Seattle Mariners,SEA,SEA,69,93,1408,130,466.0,986.0,102.0,47.0,4.49,892,87754334
2005,San Francisco Giants,SFN,SFG,75,87,1427,128,431.0,901.0,71.0,35.0,4.33,972,90199500
2005,St. Louis Cardinals,SLN,STL,100,62,1494,170,534.0,947.0,83.0,36.0,3.49,974,92106833
2005,Tampa Bay Devil Rays,TBA,TBD,67,95,1519,157,412.0,990.0,151.0,49.0,5.39,949,29679067
2005,Texas Rangers,TEX,TEX,79,83,1528,260,495.0,1112.0,67.0,15.0,4.96,932,55849000
2005,Toronto Blue Jays,TOR,TOR,80,82,1480,136,486.0,955.0,72.0,35.0,4.06,958,45719500
2005,Washington Nationals,WAS,WSN,81,81,1367,117,491.0,1090.0,45.0,45.0,3.87,997,48581500
2006,Arizona Diamondbacks,ARI,ARI,76,86,1506,160,504.0,965.0,76.0,30.0,4.48,1115,59684226
2006,Atlanta Braves,ATL,ATL,79,83,1510,222,526.0,1169.0,52.0,35.0,4.6,1049,90156876
2006,Baltimore Orioles,BAL,BAL,70,92,1556,164,474.0,878.0,121.0,32.0,5.35,1016,72585582
2006,Boston Red Sox,BOS,BOS,86,76,1510,192,672.0,1056.0,51.0,23.0,4.83,1070,120099824
2006,Chicago White Sox,CHA,CHW,90,72,1586,236,502.0,1056.0,93.0,48.0,4.61,1012,102750667
2006,Chicago Cubs,CHN,CHC,66,96,1496,166,395.0,928.0,121.0,49.0,4.74,1250,94424499
2006,Cincinnati Reds,CIN,CIN,80,82,1419,217,614.0,1192.0,124.0,33.0,4.51,1053,60909519
2006,Cleveland Indians,CLE,CLE,78,84,1576,196,556.0,1204.0,55.0,23.0,4.41,948,56031500
2006,Colorado Rockies,COL,COL,76,86,1504,157,561.0,1108.0,85.0,50.0,4.66,952,41233000
2006,Detroit Tigers,DET,DET,95,67,1548,203,430.0,1133.0,60.0,40.0,3.84,1003,82612866
2006,Florida Marlins,FLO,FLA,78,84,1454,182,497.0,1249.0,110.0,58.0,4.37,1088,14671500
2006,Houston Astros,HOU,HOU,82,80,1407,174,585.0,1076.0,79.0,36.0,4.08,1160,88694435
2006,Kansas City Royals,KCA,KCR,62,100,1515,124,474.0,1040.0,65.0,34.0,5.65,904,47294000
2006,Los Angeles Angels of Anaheim,LAA,ANA,89,73,1539,159,486.0,914.0,148.0,57.0,4.04,1164,103472000
2006,Los Angeles Dodgers,LAN,LAD,88,74,1552,153,601.0,959.0,128.0,49.0,4.23,1068,98447187
2006,Milwaukee Brewers,MIL,MIL,75,87,1400,180,502.0,1233.0,71.0,37.0,4.82,1145,57568333
2006,Minnesota Twins,MIN,MIN,96,66,1608,143,490.0,872.0,101.0,42.0,3.95,1164,63396006
2006,New York Yankees,NYA,NYY,97,65,1608,210,649.0,1053.0,139.0,35.0,4.41,1019,194663079
2006,New York Mets,NYN,NYM,97,65,1469,200,547.0,1071.0,146.0,35.0,4.14,1161,101084963
2006,Oakland Athletics,OAK,OAK,93,69,1429,175,650.0,976.0,61.0,20.0,4.21,1003,62243079
2006,Philadelphia Phillies,PHI,PHI,85,77,1518,216,626.0,1203.0,92.0,25.0,4.6,1138,88273333
2006,Pittsburgh Pirates,PIT,PIT,67,95,1462,141,459.0,1200.0,68.0,23.0,4.52,1060,46717750
2006,San Diego Padres,SDN,SDP,88,74,1465,161,564.0,1104.0,123.0,31.0,3.87,1097,69896141
2006,Seattle Mariners,SEA,SEA,78,84,1540,172,404.0,974.0,106.0,37.0,4.6,1067,87959833
2006,San Francisco Giants,SFN,SFG,76,85,1418,163,494.0,891.0,58.0,25.0,4.63,992,90056419
2006,St. Louis Cardinals,SLN,STL,83,78,1484,184,531.0,922.0,59.0,32.0,4.54,970,88891371
2006,Tampa Bay Devil Rays,TBA,TBD,61,101,1395,190,441.0,1106.0,134.0,52.0,4.96,979,34917967
2006,Texas Rangers,TEX,TEX,80,82,1571,183,505.0,1061.0,53.0,24.0,4.6,972,68228662
2006,Toronto Blue Jays,TOR,TOR,87,75,1591,199,514.0,906.0,65.0,33.0,4.37,1076,71365000
2006,Washington Nationals,WAS,WSN,71,91,1437,164,594.0,1156.0,123.0,62.0,5.03,960,63143000
2007,Arizona Diamondbacks,ARI,ARI,90,72,1350,171,532.0,1111.0,109.0,24.0,4.13,1088,52067546
2007,Atlanta Braves,ATL,ATL,84,78,1562,176,534.0,1149.0,64.0,30.0,4.11,1106,87290833
2007,Baltimore Orioles,BAL,BAL,69,93,1529,142,500.0,939.0,144.0,42.0,5.17,1087,93174808
2007,Boston Red Sox,BOS,BOS,96,66,1561,166,689.0,1042.0,96.0,24.0,3.87,1149,143026214
2007,Chicago White Sox,CHA,CHW,72,90,1341,190,532.0,1149.0,78.0,45.0,4.77,1015,108671833
2007,Chicago Cubs,CHN,CHC,85,77,1530,151,500.0,1054.0,86.0,33.0,4.04,1211,99670332
2007,Cincinnati Reds,CIN,CIN,72,90,1496,204,536.0,1113.0,97.0,31.0,4.94,1068,68524980
2007,Cleveland Indians,CLE,CLE,96,66,1504,178,590.0,1202.0,72.0,41.0,4.05,1047,61673267
2007,Colorado Rockies,COL,COL,90,73,1591,171,622.0,1152.0,100.0,31.0,4.32,967,54041000
2007,Detroit Tigers,DET,DET,88,74,1652,177,474.0,1054.0,103.0,30.0,4.57,1047,94800369
2007,Florida Marlins,FLO,FLA,71,91,1504,201,521.0,1332.0,105.0,34.0,4.94,1142,30507000
2007,Houston Astros,HOU,HOU,73,89,1457,167,547.0,1043.0,65.0,33.0,4.68,1109,87759000
2007,Kansas City Royals,KCA,KCR,69,93,1447,102,428.0,1069.0,78.0,44.0,4.48,993,67116500
2007,Los Angeles Angels of Anaheim,LAA,ANA,94,68,1578,123,507.0,883.0,139.0,55.0,4.23,1156,109251333
2007,Los Angeles Dodgers,LAN,LAD,82,80,1544,129,511.0,864.0,137.0,50.0,4.2,1184,108454524
2007,Milwaukee Brewers,MIL,MIL,83,79,1455,231,501.0,1137.0,96.0,32.0,4.41,1174,70986500
2007,Minnesota Twins,MIN,MIN,79,83,1460,118,512.0,839.0,112.0,30.0,4.15,1094,71439500
2007,New York Yankees,NYA,NYY,94,68,1656,201,637.0,991.0,123.0,40.0,4.49,1009,189259045
2007,New York Mets,NYN,NYM,88,74,1543,177,549.0,981.0,200.0,46.0,4.26,1134,115231663
2007,Oakland Athletics,OAK,OAK,76,86,1430,171,664.0,1119.0,52.0,20.0,4.28,1036,79366940
2007,Philadelphia Phillies,PHI,PHI,89,73,1558,213,641.0,1205.0,138.0,19.0,4.73,1050,89428213
2007,Pittsburgh Pirates,PIT,PIT,68,94,1463,148,463.0,1135.0,68.0,30.0,4.93,997,38537833
2007,San Diego Padres,SDN,SDP,89,74,1408,171,557.0,1229.0,55.0,24.0,3.7,1136,58110567
2007,Seattle Mariners,SEA,SEA,88,74,1629,153,389.0,861.0,81.0,30.0,4.73,1020,106460833
2007,San Francisco Giants,SFN,SFG,71,91,1407,131,532.0,907.0,119.0,33.0,4.19,1057,90219056
2007,St. Louis Cardinals,SLN,STL,78,84,1513,141,506.0,909.0,56.0,33.0,4.65,945,90286823
2007,Tampa Bay Devil Rays,TBA,TBD,66,96,1500,187,545.0,1324.0,131.0,48.0,5.53,1194,24123500
2007,Texas Rangers,TEX,TEX,75,87,1460,179,503.0,1224.0,88.0,25.0,4.75,976,68318675
2007,Toronto Blue Jays,TOR,TOR,83,79,1434,165,533.0,1044.0,57.0,22.0,4.0,1067,81942800
2007,Washington Nationals,WAS,WSN,73,89,1415,123,524.0,1128.0,69.0,23.0,4.58,931,36947500
2008,Arizona Diamondbacks,ARI,ARI,82,80,1355,159,587.0,1287.0,58.0,23.0,3.98,1229,66202712
2008,Atlanta Braves,ATL,ATL,72,90,1514,130,618.0,1023.0,58.0,27.0,4.46,1076,102365683
2008,Baltimore Orioles,BAL,BAL,68,93,1486,172,533.0,990.0,81.0,37.0,5.13,922,67196246
2008,Boston Red Sox,BOS,BOS,95,67,1565,173,646.0,1068.0,120.0,35.0,4.01,1185,133390035
2008,Chicago White Sox,CHA,CHW,89,74,1458,235,540.0,1016.0,67.0,34.0,4.06,1147,121189332
2008,Chicago Cubs,CHN,CHC,97,64,1552,184,636.0,1186.0,87.0,34.0,3.87,1264,118345833
2008,Cincinnati Reds,CIN,CIN,74,88,1351,187,560.0,1125.0,85.0,47.0,4.55,1227,74117695
2008,Cleveland Indians,CLE,CLE,81,81,1455,171,560.0,1213.0,77.0,29.0,4.45,986,78970066
2008,Colorado Rockies,COL,COL,74,88,1462,160,570.0,1209.0,141.0,37.0,4.77,1041,68655500
2008,Detroit Tigers,DET,DET,74,88,1529,200,572.0,1076.0,63.0,31.0,4.9,991,137685196
2008,Florida Marlins,FLO,FLA,84,77,1397,208,543.0,1371.0,76.0,28.0,4.43,1127,21811500
2008,Houston Astros,HOU,HOU,86,75,1432,167,449.0,1051.0,114.0,52.0,4.36,1095,88930414
2008,Kansas City Royals,KCA,KCR,75,87,1507,120,392.0,1005.0,79.0,38.0,4.48,1085,58245500
2008,Los Angeles Angels of Anaheim,LAA,ANA,100,62,1486,159,481.0,987.0,129.0,48.0,3.99,1106,119216333
2008,Los Angeles Dodgers,LAN,LAD,84,78,1455,137,543.0,1032.0,126.0,43.0,3.68,1205,118588536
2008,Milwaukee Brewers,MIL,MIL,90,72,1398,198,550.0,1203.0,108.0,38.0,3.85,1110,80937499
2008,Minnesota Twins,MIN,MIN,88,75,1572,111,529.0,979.0,102.0,42.0,4.16,995,56932766
2008,New York Yankees,NYA,NYY,89,73,1512,180,535.0,1015.0,118.0,39.0,4.28,1141,207896789
2008,New York Mets,NYN,NYM,89,73,1491,172,619.0,1024.0,138.0,36.0,4.07,1181,137793376
2008,Oakland Athletics,OAK,OAK,75,86,1318,125,574.0,1226.0,88.0,21.0,4.01,1061,47967126
2008,Philadelphia Phillies,PHI,PHI,92,70,1407,214,586.0,1117.0,136.0,25.0,3.88,1081,97879880
2008,Pittsburgh Pirates,PIT,PIT,67,95,1454,153,474.0,1039.0,57.0,19.0,5.08,963,48689783
2008,San Diego Padres,SDN,SDP,63,99,1390,154,518.0,1259.0,36.0,17.0,4.41,1100,73677616
2008,Seattle Mariners,SEA,SEA,61,101,1498,124,417.0,890.0,90.0,32.0,4.73,1016,117666482
2008,San Francisco Giants,SFN,SFG,72,90,1452,94,452.0,1044.0,108.0,46.0,4.38,1240,76594500
2008,St. Louis Cardinals,SLN,STL,86,76,1585,174,577.0,985.0,73.0,32.0,4.19,957,99624449
2008,Tampa Bay Rays,TBA,TBD,97,65,1443,180,626.0,1224.0,142.0,50.0,3.82,1143,43820597
2008,Texas Rangers,TEX,TEX,79,83,1619,194,595.0,1207.0,81.0,25.0,5.37,963,67712326
2008,Toronto Blue Jays,TOR,TOR,86,76,1453,126,521.0,938.0,80.0,27.0,3.49,1184,97793900
2008,Washington Nationals,WAS,WSN,59,102,1376,117,534.0,1095.0,81.0,43.0,4.66,1063,54961000
2009,Arizona Diamondbacks,ARI,ARI,70,92,1408,173,571.0,1298.0,102.0,40.0,4.42,1158,73115666
2009,Atlanta Braves,ATL,ATL,86,76,1459,149,602.0,1064.0,58.0,26.0,3.57,1232,96726166
2009,Baltimore Orioles,BAL,BAL,64,98,1508,160,517.0,1013.0,76.0,37.0,5.15,933,67101666
2009,Boston Red Sox,BOS,BOS,95,67,1495,212,659.0,1120.0,126.0,39.0,4.35,1230,121345999
2009,Chicago White Sox,CHA,CHW,79,83,1410,184,534.0,1022.0,113.0,49.0,4.14,1119,96068500
2009,Chicago Cubs,CHN,CHC,83,78,1398,161,592.0,1185.0,56.0,34.0,3.84,1272,134809000
2009,Cincinnati Reds,CIN,CIN,78,84,1349,158,531.0,1129.0,96.0,40.0,4.18,1069,73558500
2009,Cleveland Indians,CLE,CLE,65,97,1468,161,582.0,1211.0,84.0,31.0,5.06,986,81579166
2009,Colorado Rockies,COL,COL,92,70,1408,190,660.0,1277.0,106.0,55.0,4.22,1154,75201000
2009,Detroit Tigers,DET,DET,86,77,1443,183,540.0,1114.0,72.0,33.0,4.29,1102,115085145
2009,Florida Marlins,FLO,FLA,87,75,1493,159,568.0,1226.0,75.0,35.0,4.29,1248,36834000
2009,Houston Astros,HOU,HOU,74,88,1415,142,448.0,990.0,113.0,44.0,4.54,1144,102996414
2009,Kansas City Royals,KCA,KCR,65,97,1432,144,457.0,1091.0,88.0,29.0,4.83,1153,70519333
2009,Los Angeles Angels of Anaheim,LAA,ANA,97,65,1604,173,547.0,1054.0,148.0,63.0,4.45,1062,113709000
2009,Los Angeles Dodgers,LAN,LAD,95,67,1511,145,607.0,1068.0,116.0,48.0,3.41,1272,100414592
2009,Milwaukee Brewers,MIL,MIL,80,82,1447,182,610.0,1231.0,68.0,37.0,4.83,1104,80182502
2009,Minnesota Twins,MIN,MIN,87,76,1539,172,585.0,1021.0,85.0,32.0,4.5,1052,65299266
2009,New York Yankees,NYA,NYY,103,59,1604,244,663.0,1014.0,111.0,28.0,4.26,1260,201449189
2009,New York Mets,NYN,NYM,70,92,1472,95,526.0,928.0,122.0,44.0,4.45,1031,149373987
2009,Oakland Athletics,OAK,OAK,75,87,1464,135,527.0,1046.0,133.0,48.0,4.26,1124,61910000
2009,Philadelphia Phillies,PHI,PHI,93,69,1439,224,589.0,1155.0,119.0,28.0,4.16,1153,113004046
2009,Pittsburgh Pirates,PIT,PIT,62,99,1364,125,499.0,1142.0,90.0,32.0,4.59,919,48693000
2009,San Diego Padres,SDN,SDP,75,87,1315,141,586.0,1182.0,82.0,29.0,4.37,1187,43333700
2009,Seattle Mariners,SEA,SEA,85,77,1430,160,421.0,1093.0,89.0,33.0,3.87,1043,98904166
2009,San Francisco Giants,SFN,SFG,88,74,1411,122,392.0,1158.0,78.0,28.0,3.55,1302,83026450
2009,St. Louis Cardinals,SLN,STL,91,71,1436,160,528.0,1041.0,75.0,31.0,3.66,1049,88528409
2009,Tampa Bay Rays,TBA,TBD,84,78,1434,199,642.0,1229.0,194.0,61.0,4.33,1125,63313034
2009,Texas Rangers,TEX,TEX,87,75,1436,224,472.0,1253.0,149.0,36.0,4.38,1016,68178798
2009,Toronto Blue Jays,TOR,TOR,75,87,1516,209,548.0,1028.0,73.0,23.0,4.47,1181,80538300
2009,Washington Nationals,WAS,WSN,59,103,1416,156,617.0,1208.0,73.0,40.0,5.0,911,59928000
2010,Arizona Diamondbacks,ARI,ARI,65,97,1366,180,589.0,1529.0,86.0,41.0,4.81,1070,60718166
2010,Atlanta Braves,ATL,ATL,91,71,1411,139,634.0,1140.0,63.0,29.0,3.56,1241,84423666
2010,Baltimore Orioles,BAL,BAL,66,96,1440,133,424.0,1056.0,76.0,34.0,4.59,1007,81612500
2010,Boston Red Sox,BOS,BOS,89,73,1511,211,587.0,1140.0,68.0,17.0,4.2,1207,162447333
2010,Chicago White Sox,CHA,CHW,88,74,1467,177,467.0,922.0,160.0,74.0,4.09,1149,105530000
2010,Chicago Cubs,CHN,CHC,75,87,1414,149,479.0,1236.0,55.0,31.0,4.18,1268,146609000
2010,Cincinnati Reds,CIN,CIN,91,71,1515,188,522.0,1218.0,93.0,43.0,4.01,1130,71761542
2010,Cleveland Indians,CLE,CLE,69,93,1362,128,545.0,1184.0,91.0,33.0,4.3,967,61203966
2010,Colorado Rockies,COL,COL,83,79,1452,173,585.0,1274.0,99.0,42.0,4.14,1234,84227000
2010,Detroit Tigers,DET,DET,81,81,1515,152,546.0,1147.0,69.0,30.0,4.3,1056,122864928
2010,Florida Marlins,FLO,FLA,80,82,1403,152,514.0,1375.0,92.0,26.0,4.08,1168,57029719
2010,Houston Astros,HOU,HOU,76,86,1348,108,415.0,1025.0,100.0,36.0,4.09,1210,92355500
2010,Kansas City Royals,KCA,KCR,67,95,1534,121,471.0,905.0,115.0,50.0,4.97,1035,71405210
2010,Los Angeles Angels of Anaheim,LAA,ANA,80,82,1363,155,466.0,1070.0,104.0,52.0,4.04,1130,104963866
2010,Los Angeles Dodgers,LAN,LAD,80,82,1368,120,533.0,1184.0,92.0,50.0,4.01,1274,95358016
2010,Milwaukee Brewers,MIL,MIL,77,85,1471,182,546.0,1216.0,81.0,26.0,4.58,1258,81108278
2010,Minnesota Twins,MIN,MIN,94,68,1521,142,559.0,967.0,68.0,28.0,3.95,1048,97559166
2010,New York Yankees,NYA,NYY,95,67,1485,201,662.0,1136.0,103.0,30.0,4.06,1154,206333389
2010,New York Mets,NYN,NYM,79,83,1361,128,502.0,1095.0,130.0,44.0,3.7,1106,134422942
2010,Oakland Athletics,OAK,OAK,81,81,1396,109,527.0,1061.0,156.0,38.0,3.56,1070,55254900
2010,Philadelphia Phillies,PHI,PHI,97,65,1451,166,560.0,1064.0,108.0,21.0,3.67,1183,141928379
2010,Pittsburgh Pirates,PIT,PIT,57,105,1303,126,463.0,1207.0,87.0,36.0,5.0,1026,34943000
2010,San Diego Padres,SDN,SDP,90,72,1338,132,538.0,1183.0,124.0,50.0,3.39,1295,37799300
2010,Seattle Mariners,SEA,SEA,61,101,1274,101,459.0,1184.0,142.0,39.0,3.93,973,86510000
2010,San Francisco Giants,SFN,SFG,92,70,1411,162,487.0,1099.0,55.0,32.0,3.36,1331,98641333
2010,St. Louis Cardinals,SLN,STL,86,76,1456,150,541.0,1027.0,79.0,41.0,3.57,1094,93540751
2010,Tampa Bay Rays,TBA,TBD,96,66,1343,160,672.0,1292.0,172.0,47.0,3.78,1189,71923471
2010,Texas Rangers,TEX,TEX,90,72,1556,162,511.0,986.0,123.0,48.0,3.93,1181,55250544
2010,Toronto Blue Jays,TOR,TOR,85,77,1364,257,471.0,1164.0,58.0,20.0,4.22,1184,62234000
2010,Washington Nationals,WAS,WSN,69,93,1355,149,503.0,1220.0,110.0,41.0,4.13,1068,61400000
2011,Arizona Diamondbacks,ARI,ARI,94,68,1357,172,531.0,1249.0,133.0,55.0,3.8,1058,53639833
2011,Atlanta Braves,ATL,ATL,89,73,1345,173,504.0,1260.0,77.0,44.0,3.48,1332,87002692
2011,Baltimore Orioles,BAL,BAL,69,93,1434,191,452.0,1120.0,81.0,25.0,4.89,1044,85304038
2011,Boston Red Sox,BOS,BOS,90,72,1600,203,578.0,1108.0,102.0,42.0,4.2,1213,161762475
2011,Chicago White Sox,CHA,CHW,79,83,1387,154,475.0,989.0,81.0,53.0,4.1,1220,127789000
2011,Chicago Cubs,CHN,CHC,71,91,1423,148,425.0,1202.0,69.0,23.0,4.33,1224,125047329
2011,Cincinnati Reds,CIN,CIN,79,83,1438,183,535.0,1250.0,97.0,50.0,4.16,1112,75947134
2011,Cleveland Indians,CLE,CLE,80,82,1380,154,494.0,1269.0,89.0,42.0,4.23,1024,48776566
2011,Colorado Rockies,COL,COL,73,89,1429,163,555.0,1201.0,118.0,42.0,4.43,1118,88148071
2011,Detroit Tigers,DET,DET,95,67,1540,169,521.0,1143.0,49.0,20.0,4.04,1115,105700231
2011,Florida Marlins,FLO,FLA,72,90,1358,149,542.0,1244.0,95.0,41.0,3.95,1218,56944000
2011,Houston Astros,HOU,HOU,56,106,1442,95,401.0,1164.0,118.0,33.0,4.51,1191,70694000
2011,Kansas City Royals,KCA,KCR,71,91,1560,129,442.0,1006.0,153.0,58.0,4.44,1080,35712000
2011,Los Angeles Angels of Anaheim,LAA,ANA,86,76,1394,155,442.0,1086.0,135.0,52.0,3.57,1058,138543166
2011,Los Angeles Dodgers,LAN,LAD,82,79,1395,117,498.0,1087.0,126.0,40.0,3.54,1265,104188999
2011,Milwaukee Brewers,MIL,MIL,96,66,1422,185,481.0,1083.0,94.0,31.0,3.63,1257,85497333
2011,Minnesota Twins,MIN,MIN,63,99,1357,103,440.0,1048.0,92.0,39.0,4.58,940,112737000
2011,New York Yankees,NYA,NYY,97,65,1452,222,627.0,1138.0,147.0,46.0,3.73,1222,202275028
2011,New York Mets,NYN,NYM,77,85,1477,108,571.0,1085.0,130.0,35.0,4.19,1126,118847309
2011,Oakland Athletics,OAK,OAK,74,88,1330,114,509.0,1094.0,117.0,43.0,3.71,1160,66536500
2011,Philadelphia Phillies,PHI,PHI,102,60,1409,153,539.0,1024.0,96.0,24.0,3.02,1299,172976379
2011,Pittsburgh Pirates,PIT,PIT,72,90,1325,107,489.0,1308.0,108.0,52.0,4.04,1031,45047000
2011,San Diego Padres,SDN,SDP,71,91,1284,91,501.0,1320.0,170.0,44.0,3.42,1139,45869140
2011,Seattle Mariners,SEA,SEA,67,95,1263,109,435.0,1280.0,125.0,40.0,3.9,1088,86110600
2011,San Francisco Giants,SFN,SFG,86,76,1327,121,448.0,1122.0,85.0,51.0,3.2,1316,118198333
2011,St. Louis Cardinals,SLN,STL,90,72,1513,162,542.0,978.0,57.0,39.0,3.74,1098,105433572
2011,Tampa Bay Rays,TBA,TBD,91,71,1324,172,571.0,1193.0,155.0,62.0,3.58,1143,41053571
2011,Texas Rangers,TEX,TEX,96,66,1599,210,475.0,930.0,143.0,45.0,3.79,1179,92299264
2011,Toronto Blue Jays,TOR,TOR,81,81,1384,186,525.0,1184.0,131.0,52.0,4.32,1169,62567800
2011,Washington Nationals,WAS,WSN,80,81,1319,154,470.0,1323.0,106.0,38.0,3.58,1049,63856928
2012,Arizona Diamondbacks,ARI,ARI,81,81,1416,165,539.0,1266.0,93.0,51.0,3.93,1200,73804833
2012,Atlanta Braves,ATL,ATL,94,68,1341,149,567.0,1289.0,101.0,32.0,3.42,1232,82829942
2012,Baltimore Orioles,BAL,BAL,93,69,1375,214,480.0,1315.0,58.0,29.0,3.9,1177,77353999
2012,Boston Red Sox,BOS,BOS,69,93,1459,165,428.0,1197.0,97.0,31.0,4.7,1176,173186617
2012,Chicago White Sox,CHA,CHW,85,77,1409,211,461.0,1203.0,109.0,43.0,4.02,1246,96919500
2012,Chicago Cubs,CHN,CHC,61,101,1297,137,447.0,1235.0,94.0,45.0,4.51,1128,88197033
2012,Cincinnati Reds,CIN,CIN,97,65,1377,172,481.0,1266.0,87.0,27.0,3.34,1248,82203616
2012,Cleveland Indians,CLE,CLE,68,94,1385,136,555.0,1087.0,110.0,44.0,4.78,1086,78430300
2012,Colorado Rockies,COL,COL,64,98,1526,166,450.0,1213.0,100.0,40.0,5.22,1144,78069571
2012,Detroit Tigers,DET,DET,88,74,1467,163,511.0,1103.0,59.0,23.0,3.75,1318,132300000
2012,Houston Astros,HOU,HOU,55,107,1276,146,463.0,1365.0,105.0,46.0,4.56,1170,60651000
2012,Kansas City Royals,KCA,KCR,72,90,1492,131,404.0,1032.0,132.0,38.0,4.3,1177,60916225
2012,Los Angeles Angels of Anaheim,LAA,ANA,89,73,1518,187,449.0,1113.0,134.0,33.0,4.02,1157,154485166
2012,Los Angeles Dodgers,LAN,LAD,86,76,1369,116,481.0,1156.0,104.0,44.0,3.34,1276,95143575
2012,Miami Marlins,MIA,FLA,69,93,1327,137,484.0,1228.0,149.0,41.0,4.09,1113,118078000
2012,Milwaukee Brewers,MIL,MIL,83,79,1442,202,466.0,1240.0,158.0,39.0,4.22,1402,97653944
2012,Minnesota Twins,MIN,MIN,66,96,1448,131,505.0,1069.0,135.0,37.0,4.77,943,94085000
2012,New York Yankees,NYA,NYY,95,67,1462,245,565.0,1176.0,93.0,27.0,3.84,1318,196522289
2012,New York Mets,NYN,NYM,74,88,1357,139,503.0,1250.0,79.0,38.0,4.09,1240,93353983
2012,Oakland Athletics,OAK,OAK,94,68,1315,195,550.0,1387.0,122.0,32.0,3.48,1136,55372500
2012,Philadelphia Phillies,PHI,PHI,81,81,1414,158,454.0,1094.0,116.0,23.0,3.83,1385,174538938
2012,Pittsburgh Pirates,PIT,PIT,79,83,1313,170,444.0,1354.0,73.0,52.0,3.86,1192,62951999
2012,San Diego Padres,SDN,SDP,76,86,1339,121,539.0,1238.0,155.0,46.0,4.01,1205,55244700
2012,Seattle Mariners,SEA,SEA,75,87,1285,149,466.0,1259.0,104.0,35.0,3.76,1166,81978100
2012,San Francisco Giants,SFN,SFG,94,68,1495,103,483.0,1097.0,118.0,39.0,3.68,1237,117620683
2012,St. Louis Cardinals,SLN,STL,88,74,1526,159,533.0,1192.0,91.0,37.0,3.71,1218,110300862
2012,Tampa Bay Rays,TBA,TBD,90,72,1293,175,571.0,1323.0,134.0,44.0,3.19,1383,64173500
2012,Texas Rangers,TEX,TEX,93,69,1526,200,478.0,1103.0,91.0,44.0,3.99,1286,120510974
2012,Toronto Blue Jays,TOR,TOR,73,89,1346,198,473.0,1251.0,123.0,41.0,4.64,1142,75009200
2012,Washington Nationals,WAS,WSN,98,64,1468,194,479.0,1325.0,105.0,35.0,3.33,1325,80855143
2013,Arizona Diamondbacks,ARI,ARI,81,81,1468,130,519.0,1142.0,62.0,41.0,3.92,1218,90132000
2013,Atlanta Braves,ATL,ATL,96,66,1354,181,542.0,1384.0,64.0,31.0,3.18,1232,87871525
2013,Baltimore Orioles,BAL,BAL,85,77,1460,212,416.0,1125.0,79.0,29.0,4.2,1169,84393333
2013,Boston Red Sox,BOS,BOS,97,65,1566,178,581.0,1308.0,123.0,19.0,3.79,1294,151530000
2013,Chicago White Sox,CHA,CHW,63,99,1385,148,411.0,1207.0,105.0,42.0,3.98,1249,120065277
2013,Chicago Cubs,CHN,CHC,66,96,1307,172,439.0,1230.0,63.0,32.0,4.0,1184,100567726
2013,Cincinnati Reds,CIN,CIN,90,72,1370,155,585.0,1245.0,67.0,35.0,3.38,1296,106404462
2013,Cleveland Indians,CLE,CLE,92,70,1391,171,562.0,1283.0,117.0,36.0,3.82,1379,75771800
2013,Colorado Rockies,COL,COL,74,88,1511,159,427.0,1204.0,112.0,32.0,4.44,1064,74409071
2013,Detroit Tigers,DET,DET,93,69,1625,176,531.0,1073.0,35.0,20.0,3.61,1428,145989500
2013,Houston Astros,HOU,HOU,51,111,1307,148,426.0,1535.0,110.0,61.0,4.79,1084,17890700
2013,Kansas City Royals,KCA,KCR,86,76,1443,112,422.0,1048.0,153.0,32.0,3.45,1208,80091725
2013,Los Angeles Angels of Anaheim,LAA,ANA,78,84,1476,164,523.0,1221.0,82.0,34.0,4.23,1200,124174750
2013,Los Angeles Dodgers,LAN,LAD,92,70,1447,138,476.0,1146.0,78.0,28.0,3.25,1292,223362196
2013,Miami Marlins,MIA,FLA,62,100,1257,95,432.0,1232.0,78.0,29.0,3.71,1177,33601900
2013,Milwaukee Brewers,MIL,MIL,74,88,1381,157,407.0,1183.0,142.0,50.0,3.84,1125,76947033
2013,Minnesota Twins,MIN,MIN,66,96,1346,151,533.0,1430.0,52.0,33.0,4.55,985,75337500
2013,New York Yankees,NYA,NYY,85,77,1321,144,466.0,1214.0,115.0,31.0,3.94,1233,231978886
2013,New York Mets,NYN,NYM,74,88,1318,130,512.0,1384.0,114.0,35.0,3.77,1209,49448346
2013,Oakland Athletics,OAK,OAK,96,66,1403,186,573.0,1178.0,74.0,28.0,3.56,1183,60132500
2013,Philadelphia Phillies,PHI,PHI,73,89,1355,140,417.0,1205.0,73.0,29.0,4.32,1199,169863189
2013,Pittsburgh Pirates,PIT,PIT,94,68,1346,161,469.0,1330.0,94.0,42.0,3.26,1261,77062000
2013,San Diego Padres,SDN,SDP,76,86,1349,146,467.0,1309.0,118.0,34.0,3.98,1171,65585500
2013,Seattle Mariners,SEA,SEA,71,91,1318,188,529.0,1353.0,49.0,23.0,4.31,1297,74005043
2013,San Francisco Giants,SFN,SFG,76,86,1446,107,469.0,1078.0,67.0,26.0,4.0,1256,140180334
2013,St. Louis Cardinals,SLN,STL,97,65,1494,125,481.0,1110.0,45.0,22.0,3.42,1254,92260110
2013,Tampa Bay Rays,TBA,TBD,92,71,1421,165,589.0,1171.0,73.0,38.0,3.74,1310,52955272
2013,Texas Rangers,TEX,TEX,91,72,1465,176,462.0,1067.0,149.0,46.0,3.62,1309,112522600
2013,Toronto Blue Jays,TOR,TOR,74,88,1398,185,510.0,1123.0,112.0,41.0,4.25,1208,126288100
2013,Washington Nationals,WAS,WSN,86,76,1365,161,464.0,1192.0,88.0,28.0,3.59,1236,113703270
2014,Arizona Diamondbacks,ARI,ARI,64,98,1379,118,398.0,1165.0,86.0,33.0,4.26,1278,97861500
2014,Atlanta Braves,ATL,ATL,79,83,1316,123,472.0,1369.0,95.0,33.0,3.38,1301,97609000
2014,Baltimore Orioles,BAL,BAL,96,66,1434,211,401.0,1285.0,44.0,20.0,3.43,1174,103416000
2014,Boston Red Sox,BOS,BOS,71,91,1355,123,535.0,1337.0,63.0,25.0,4.01,1213,139019929
2014,Chicago White Sox,CHA,CHW,73,89,1400,155,417.0,1362.0,85.0,36.0,4.29,1152,81830500
2014,Chicago Cubs,CHN,CHC,73,89,1315,157,442.0,1477.0,65.0,40.0,3.91,1311,65522500
2014,Cincinnati Reds,CIN,CIN,76,86,1282,131,415.0,1252.0,122.0,52.0,3.59,1290,108217500
2014,Cleveland Indians,CLE,CLE,85,77,1411,142,504.0,1189.0,104.0,27.0,3.56,1450,82151899
2014,Colorado Rockies,COL,COL,66,96,1551,186,397.0,1281.0,85.0,48.0,4.84,1074,95403500
2014,Detroit Tigers,DET,DET,90,72,1557,155,443.0,1144.0,106.0,41.0,4.01,1244,152855500
2014,Houston Astros,HOU,HOU,70,92,1317,163,495.0,1442.0,122.0,37.0,4.11,1137,35116300
2014,Kansas City Royals,KCA,KCR,89,73,1456,95,380.0,985.0,153.0,36.0,3.51,1168,74594075
2014,Los Angeles Angels of Anaheim,LAA,ANA,98,64,1464,155,492.0,1266.0,81.0,39.0,3.58,1342,121988250
2014,Los Angeles Dodgers,LAN,LAD,94,68,1476,134,519.0,1246.0,138.0,50.0,3.4,1373,217014600
2014,Miami Marlins,MIA,FLA,77,85,1399,122,501.0,1419.0,58.0,21.0,3.78,1190,41836900
2014,Milwaukee Brewers,MIL,MIL,82,80,1366,150,423.0,1197.0,102.0,43.0,3.67,1246,101217000
2014,Minnesota Twins,MIN,MIN,70,92,1412,128,544.0,1329.0,99.0,36.0,4.57,1031,83762500
2014,New York Yankees,NYA,NYY,84,78,1349,147,452.0,1133.0,112.0,26.0,3.75,1370,197543907
2014,New York Mets,NYN,NYM,79,83,1306,125,516.0,1264.0,101.0,34.0,3.49,1303,85556990
2014,Oakland Athletics,OAK,OAK,88,74,1354,146,586.0,1104.0,83.0,20.0,3.22,1244,72408400
2014,Philadelphia Phillies,PHI,PHI,73,89,1356,125,443.0,1306.0,109.0,26.0,3.79,1255,180944967
2014,Pittsburgh Pirates,PIT,PIT,88,74,1436,156,520.0,1244.0,104.0,47.0,3.47,1228,77178000
2014,San Diego Padres,SDN,SDP,77,85,1199,109,468.0,1294.0,91.0,34.0,3.27,1284,75685700
2014,Seattle Mariners,SEA,SEA,87,75,1328,136,396.0,1232.0,96.0,42.0,3.17,1317,92531100
2014,San Francisco Giants,SFN,SFG,88,74,1407,132,427.0,1245.0,56.0,27.0,3.5,1211,163510167
2014,St. Louis Cardinals,SLN,STL,90,72,1371,105,471.0,1133.0,57.0,32.0,3.5,1221,120693000
2014,Tampa Bay Rays,TBA,TBD,77,85,1361,117,527.0,1124.0,63.0,27.0,3.56,1437,72689100
2014,Texas Rangers,TEX,TEX,67,95,1400,111,417.0,1162.0,105.0,59.0,4.49,1110,112255059
2014,Toronto Blue Jays,TOR,TOR,83,79,1435,177,502.0,1151.0,78.0,21.0,4.0,1199,109920100
2014,Washington Nationals,WAS,WSN,96,66,1403,152,517.0,1304.0,101.0,23.0,3.03,1288,131983680
2015,Arizona Diamondbacks,ARI,ARI,79,83,1494,154,490.0,1312.0,132.0,44.0,4.04,1215,61834000
2015,Atlanta Braves,ATL,ATL,67,95,1361,100,471.0,1107.0,69.0,33.0,4.41,1148,71781250
2015,Baltimore Orioles,BAL,BAL,81,81,1370,217,418.0,1331.0,44.0,25.0,4.05,1233,115044833
2015,Boston Red Sox,BOS,BOS,78,84,1495,161,478.0,1148.0,71.0,27.0,4.31,1218,181103400
2015,Chicago White Sox,CHA,CHW,76,86,1381,136,404.0,1231.0,68.0,42.0,3.98,1359,112373700
2015,Chicago Cubs,CHN,CHC,97,65,1341,171,567.0,1518.0,95.0,37.0,3.36,1431,115879310
2015,Cincinnati Reds,CIN,CIN,64,98,1382,167,496.0,1255.0,134.0,38.0,4.33,1252,113072286
2015,Cleveland Indians,CLE,CLE,81,80,1395,141,533.0,1157.0,86.0,28.0,3.67,1407,87663766
2015,Colorado Rockies,COL,COL,68,94,1479,186,388.0,1283.0,97.0,43.0,5.04,1112,95688600
2015,Detroit Tigers,DET,DET,74,87,1515,151,455.0,1259.0,83.0,51.0,4.64,1100,172284750
2015,Houston Astros,HOU,HOU,86,76,1363,230,486.0,1392.0,121.0,48.0,3.57,1280,72256200
2015,Kansas City Royals,KCA,KCR,95,67,1497,139,383.0,973.0,104.0,34.0,3.73,1160,112107025
2015,Los Angeles Angels of Anaheim,LAA,ANA,85,77,1331,176,435.0,1150.0,52.0,34.0,3.94,1221,120005415
2015,Los Angeles Dodgers,LAN,LAD,92,70,1346,187,563.0,1258.0,59.0,34.0,3.44,1396,215792000
2015,Miami Marlins,MIA,FLA,71,91,1420,120,375.0,1150.0,112.0,45.0,4.02,1152,68056500
2015,Milwaukee Brewers,MIL,MIL,68,94,1378,145,412.0,1299.0,84.0,29.0,4.28,1260,100850000
2015,Minnesota Twins,MIN,MIN,83,79,1349,156,439.0,1264.0,70.0,38.0,4.07,1046,107755000
2015,New York Yankees,NYA,NYY,87,75,1397,212,554.0,1227.0,63.0,25.0,4.03,1370,212751957
2015,New York Mets,NYN,NYM,90,72,1351,177,488.0,1290.0,51.0,25.0,3.43,1337,96766683
2015,Oakland Athletics,OAK,OAK,68,94,1405,146,475.0,1119.0,78.0,29.0,4.14,1179,79053501
2015,Philadelphia Phillies,PHI,PHI,63,99,1374,130,387.0,1274.0,88.0,32.0,4.69,1153,111693000
2015,Pittsburgh Pirates,PIT,PIT,98,64,1462,140,461.0,1322.0,98.0,45.0,3.21,1338,88892499
2015,San Diego Padres,SDN,SDP,74,88,1324,148,426.0,1327.0,82.0,29.0,4.09,1393,118441300
2015,Seattle Mariners,SEA,SEA,76,86,1379,198,478.0,1336.0,69.0,45.0,4.16,1283,122208700
2015,San Francisco Giants,SFN,SFG,84,78,1486,136,457.0,1159.0,93.0,36.0,3.72,1165,164701500
2015,St. Louis Cardinals,SLN,STL,100,62,1386,137,506.0,1267.0,69.0,38.0,2.94,1329,119241500
2015,Tampa Bay Rays,TBA,TBD,80,82,1383,167,436.0,1310.0,87.0,45.0,3.74,1355,64521233
2015,Texas Rangers,TEX,TEX,88,74,1419,172,503.0,1233.0,101.0,39.0,4.24,1095,143742789
2015,Toronto Blue Jays,TOR,TOR,93,69,1480,232,570.0,1151.0,88.0,23.0,3.8,1117,112992400
2015,Washington Nationals,WAS,WSN,83,79,1363,177,539.0,1344.0,57.0,23.0,3.62,1342,155587472
2016,Arizona Diamondbacks,ARI,ARI,69,93,1479,190,463.0,1427.0,137.0,31.0,5.09,1318,87439063
2016,Atlanta Braves,ATL,ATL,68,93,1404,122,502.0,1240.0,75.0,34.0,4.51,1227,68498291
2016,Baltimore Orioles,BAL,BAL,89,73,1413,253,468.0,1324.0,19.0,13.0,4.22,1248,161863456
2016,Boston Red Sox,BOS,BOS,93,69,1598,208,558.0,1160.0,83.0,24.0,4.0,1362,188545761
2016,Chicago White Sox,CHA,CHW,78,84,1428,168,455.0,1285.0,77.0,36.0,4.1,1270,112998667
2016,Chicago Cubs,CHN,CHC,103,58,1409,199,656.0,1339.0,66.0,34.0,3.15,1441,154067668
2016,Cincinnati Reds,CIN,CIN,68,94,1403,164,452.0,1284.0,139.0,51.0,4.91,1241,88940059
2016,Cleveland Indians,CLE,CLE,94,67,1435,185,531.0,1246.0,134.0,31.0,3.84,1398,74311900
2016,Colorado Rockies,COL,COL,75,87,1544,204,494.0,1330.0,66.0,39.0,4.91,1223,112645071
2016,Detroit Tigers,DET,DET,86,75,1476,211,493.0,1303.0,58.0,29.0,4.24,1232,194876481
2016,Houston Astros,HOU,HOU,84,78,1367,198,554.0,1452.0,102.0,44.0,4.06,1396,94893700
2016,Kansas City Royals,KCA,KCR,81,81,1450,147,382.0,1224.0,121.0,35.0,4.21,1287,131487125
2016,Los Angeles Angels of Anaheim,LAA,ANA,74,88,1410,156,471.0,991.0,73.0,34.0,4.28,1136,137251333
2016,Los Angeles Dodgers,LAN,LAD,91,71,1376,189,525.0,1321.0,45.0,26.0,3.7,1510,221288380
2016,Miami Marlins,MIA,FLA,79,82,1460,128,447.0,1213.0,71.0,28.0,4.05,1379,77314202
2016,Milwaukee Brewers,MIL,MIL,73,89,1299,194,599.0,1543.0,181.0,56.0,4.08,1175,68775237
2016,Minnesota Twins,MIN,MIN,59,103,1409,200,513.0,1426.0,91.0,32.0,5.08,1191,102583200
2016,New York Yankees,NYA,NYY,84,78,1378,183,475.0,1188.0,72.0,22.0,4.16,1393,222997792
2016,New York Mets,NYN,NYM,87,75,1342,218,517.0,1302.0,42.0,18.0,3.57,1396,133889129
2016,Oakland Athletics,OAK,OAK,69,93,1352,169,442.0,1145.0,50.0,23.0,4.51,1188,86806234
2016,Philadelphia Phillies,PHI,PHI,71,91,1305,161,424.0,1376.0,96.0,45.0,4.63,1299,58980000
2016,Pittsburgh Pirates,PIT,PIT,78,83,1426,153,561.0,1334.0,110.0,45.0,4.21,1232,103778833
2016,San Diego Padres,SDN,SDP,68,94,1275,177,449.0,1500.0,125.0,45.0,4.43,1222,101424814
2016,Seattle Mariners,SEA,SEA,86,76,1446,223,506.0,1288.0,56.0,28.0,4.0,1318,135683339
2016,San Francisco Giants,SFN,SFG,87,75,1437,130,572.0,1107.0,79.0,36.0,3.65,1309,172253778
2016,St. Louis Cardinals,SLN,STL,86,76,1415,225,526.0,1318.0,35.0,26.0,4.08,1290,143053500
2016,Tampa Bay Rays,TBA,TBD,68,94,1333,216,449.0,1482.0,60.0,37.0,4.2,1357,57097310
2016,Texas Rangers,TEX,TEX,95,67,1446,215,436.0,1220.0,99.0,36.0,4.37,1154,176038723
2016,Toronto Blue Jays,TOR,TOR,89,73,1358,221,632.0,1362.0,54.0,24.0,3.78,1314,138701700
2016,Washington Nationals,WAS,WSN,95,67,1403,203,536.0,1252.0,121.0,39.0,3.51,1476,141652646
