yearID,name,teamID,W,L,salary,cost_per_win
1985,Atlanta Braves,ATL,66,96,14807000,224348.48484848486
1985,Baltimore Orioles,BAL,83,78,11560712,139285.68674698795
1985,Boston Red Sox,BOS,81,81,10897560,134537.77777777778
1985,California Angels,CAL,90,72,14427894,160309.93333333332
1985,Chicago White Sox,CHA,85,77,9846178,115837.38823529411
1985,Chicago Cubs,CHN,77,84,12702917,164972.94805194804
1985,Cincinnati Reds,CIN,89,72,8359917,93931.65168539326
1985,Cleveland Indians,CLE,60,102,6551666,109194.43333333333
1985,Detroit Tigers,DET,84,77,10348143,123192.17857142857
1985,Houston Astros,HOU,83,79,9993051,120398.2048192771
1985,Kansas City Royals,KCA,91,71,9321179,102430.53846153847
1985,Los Angeles Dodgers,LAN,95,67,10967917,115451.75789473685
1985,Minnesota Twins,MIN,77,85,5764821,74867.8051948052
1985,Milwaukee Brewers,ML4,71,90,11284107,158931.08450704225
1985,Montreal Expos,MON,84,77,9470166,112740.07142857143
1985,New York Yankees,NYA,97,64,14238204,146785.60824742267
1985,New York Mets,NYN,98,64,10834762,110558.79591836735
1985,Oakland Athletics,OAK,77,85,9058606,117644.23376623377
1985,Philadelphia Phillies,PHI,75,87,10124966,134999.54666666666
1985,Pittsburgh Pirates,PIT,57,104,9227500,161885.9649122807
1985,San Diego Padres,SDN,83,79,11036583,132970.8795180723
1985,Seattle Mariners,SEA,74,88,4613000,62337.83783783784
1985,San Francisco Giants,SFN,62,100,8221714,132608.29032258064
1985,St. Louis Cardinals,SLN,101,61,11817083,117000.82178217822
1985,Texas Rangers,TEX,62,99,7676500,123814.51612903226
1985,Toronto Blue Jays,TOR,99,62,8812550,89015.65656565657
1986,Atlanta Braves,ATL,72,89,17102786,237538.69444444444
1986,Baltimore Orioles,BAL,73,89,13001258,178099.42465753425
1986,Boston Red Sox,BOS,95,66,14402239,151602.5157894737
1986,California Angels,CAL,92,70,14427258,156818.02173913043
1986,Chicago White Sox,CHA,72,90,10418819,144705.81944444444
1986,Chicago Cubs,CHN,70,90,17208165,245830.92857142858
1986,Cincinnati Reds,CIN,86,76,11906388,138446.37209302327
1986,Cleveland Indians,CLE,84,78,7809500,92970.23809523809
1986,Detroit Tigers,DET,87,75,12335714,141789.816091954
1986,Houston Astros,HOU,96,66,9873276,102846.625
1986,Kansas City Royals,KCA,76,86,13043698,171627.6052631579
1986,Los Angeles Dodgers,LAN,73,89,14913776,204298.301369863
1986,Minnesota Twins,MIN,71,91,8748167,123213.61971830986
1986,Milwaukee Brewers,ML4,77,84,9943642,129138.20779220779
1986,Montreal Expos,MON,78,83,11103600,142353.84615384616
1986,New York Yankees,NYA,90,72,18494253,205491.7
1986,New York Mets,NYN,108,54,15393714,142534.38888888888
1986,Oakland Athletics,OAK,76,86,9779421,128676.59210526316
1986,Philadelphia Phillies,PHI,86,75,11590166,134769.37209302327
1986,Pittsburgh Pirates,PIT,64,98,10843500,169429.6875
1986,San Diego Padres,SDN,74,88,11380693,153793.14864864864
1986,Seattle Mariners,SEA,67,95,5958309,88929.98507462686
1986,San Francisco Giants,SFN,83,79,8947000,107795.18072289157
1986,St. Louis Cardinals,SLN,79,82,9875010,125000.12658227848
1986,Texas Rangers,TEX,87,75,6743119,77507.11494252873
1986,Toronto Blue Jays,TOR,86,76,12611047,146640.08139534883
1987,Atlanta Braves,ATL,69,92,16544560,239776.23188405798
1987,Baltimore Orioles,BAL,67,95,13900273,207466.76119402985
1987,Boston Red Sox,BOS,78,84,10144167,130053.42307692308
1987,California Angels,CAL,75,87,12843499,171246.65333333332
1987,Chicago White Sox,CHA,77,85,10641843,138205.75324675324
1987,Chicago Cubs,CHN,76,85,14307999,188263.1447368421
1987,Cincinnati Reds,CIN,84,78,9281500,110494.04761904762
1987,Cleveland Indians,CLE,61,101,8513750,139569.67213114753
1987,Detroit Tigers,DET,98,64,12122881,123702.86734693877
1987,Houston Astros,HOU,76,86,12608371,165899.61842105264
1987,Kansas City Royals,KCA,83,79,11828056,142506.6987951807
1987,Los Angeles Dodgers,LAN,73,89,13675403,187334.2876712329
1987,Minnesota Twins,MIN,85,77,6397500,75264.70588235294
1987,Milwaukee Brewers,ML4,91,71,7293224,80145.31868131868
1987,Montreal Expos,MON,91,71,6942052,76286.28571428571
1987,New York Yankees,NYA,89,73,17099714,192131.61797752808
1987,New York Mets,NYN,92,70,13846714,150507.76086956522
1987,Oakland Athletics,OAK,81,81,11680839,144207.88888888888
1987,Philadelphia Phillies,PHI,80,82,11514233,143927.9125
1987,Pittsburgh Pirates,PIT,80,82,7652000,95650.0
1987,San Diego Padres,SDN,65,97,11065796,170243.0153846154
1987,Seattle Mariners,SEA,78,84,2263500,29019.23076923077
1987,San Francisco Giants,SFN,90,72,7290000,81000.0
1987,St. Louis Cardinals,SLN,95,67,11758000,123768.42105263157
1987,Texas Rangers,TEX,75,87,880000,11733.333333333334
1987,Toronto Blue Jays,TOR,96,66,10479501,109161.46875
1988,Atlanta Braves,ATL,54,106,12728174,235706.92592592593
1988,Baltimore Orioles,BAL,54,107,13532075,250593.9814814815
1988,Boston Red Sox,BOS,89,73,13896092,156135.8651685393
1988,California Angels,CAL,75,87,11947388,159298.50666666665
1988,Chicago White Sox,CHA,71,90,6390000,90000.0
1988,Chicago Cubs,CHN,77,85,13119198,170379.1948051948
1988,Cincinnati Reds,CIN,87,74,8888409,102165.62068965517
1988,Cleveland Indians,CLE,78,84,8936500,114570.51282051283
1988,Detroit Tigers,DET,88,74,12869571,146245.125
1988,Houston Astros,HOU,82,80,12286167,149831.30487804877
1988,Kansas City Royals,KCA,84,77,14556562,173292.40476190476
1988,Los Angeles Dodgers,LAN,94,67,16850515,179260.79787234042
1988,Minnesota Twins,MIN,91,71,12462666,136952.37362637362
1988,Milwaukee Brewers,ML4,87,75,8402000,96574.71264367815
1988,Montreal Expos,MON,81,81,9603333,118559.66666666667
1988,New York Yankees,NYA,85,76,19441152,228719.43529411763
1988,New York Mets,NYN,100,60,15269314,152693.14
1988,Oakland Athletics,OAK,104,58,9690000,93173.07692307692
1988,Philadelphia Phillies,PHI,65,96,13838000,212892.3076923077
1988,Pittsburgh Pirates,PIT,85,75,5998500,70570.58823529411
1988,San Diego Padres,SDN,83,78,9561002,115192.7951807229
1988,Seattle Mariners,SEA,68,93,7342450,107977.20588235294
1988,San Francisco Giants,SFN,83,79,12380000,149156.6265060241
1988,St. Louis Cardinals,SLN,76,86,12880000,169473.68421052632
1988,Texas Rangers,TEX,70,91,5342131,76316.15714285715
1988,Toronto Blue Jays,TOR,87,75,12241225,140703.7356321839
1989,Atlanta Braves,ATL,63,97,11112334,176386.25396825396
1989,Baltimore Orioles,BAL,87,75,8275167,95116.86206896552
1989,Boston Red Sox,BOS,83,79,17481748,210623.46987951806
1989,California Angels,CAL,91,71,15097833,165910.25274725276
1989,Chicago White Sox,CHA,69,92,7265410,105295.79710144928
1989,Chicago Cubs,CHN,93,69,10668000,114709.67741935483
1989,Cincinnati Reds,CIN,75,87,11072000,147626.66666666666
1989,Cleveland Indians,CLE,73,89,9094500,124582.19178082192
1989,Detroit Tigers,DET,59,103,15146404,256718.71186440677
1989,Houston Astros,HOU,86,76,15029500,174761.62790697673
1989,Kansas City Royals,KCA,92,70,18683568,203082.26086956522
1989,Los Angeles Dodgers,LAN,77,83,21071562,273656.6493506493
1989,Minnesota Twins,MIN,80,82,15531666,194145.825
1989,Milwaukee Brewers,ML4,81,81,11533000,142382.71604938273
1989,Montreal Expos,MON,81,81,13807389,170461.59259259258
1989,New York Yankees,NYA,74,87,17114375,231275.33783783784
1989,New York Mets,NYN,87,75,19885071,228564.0344827586
1989,Oakland Athletics,OAK,99,63,15613070,157707.77777777778
1989,Philadelphia Phillies,PHI,67,95,10604000,158268.6567164179
1989,Pittsburgh Pirates,PIT,74,88,12737500,172128.37837837837
1989,San Diego Padres,SDN,89,73,14195000,159494.38202247192
1989,Seattle Mariners,SEA,73,89,9779500,133965.75342465754
1989,San Francisco Giants,SFN,92,70,14962834,162639.5
1989,St. Louis Cardinals,SLN,86,76,16078833,186963.17441860464
1989,Texas Rangers,TEX,83,79,11893781,143298.56626506025
1989,Toronto Blue Jays,TOR,89,73,16261666,182715.34831460673
1990,Atlanta Braves,ATL,65,97,14555501,223930.78461538462
1990,Baltimore Orioles,BAL,76,85,9680084,127369.52631578948
1990,Boston Red Sox,BOS,88,74,20558333,233617.42045454544
1990,California Angels,CAL,80,82,21720000,271500.0
1990,Chicago White Sox,CHA,94,68,9491500,100973.40425531915
1990,Chicago Cubs,CHN,77,85,13624000,176935.06493506493
1990,Cincinnati Reds,CIN,91,71,14370000,157912.0879120879
1990,Cleveland Indians,CLE,77,85,14487000,188142.85714285713
1990,Detroit Tigers,DET,79,83,17593238,222699.21518987342
1990,Houston Astros,HOU,75,87,18330000,244400.0
1990,Kansas City Royals,KCA,75,86,23361084,311481.12
1990,Los Angeles Dodgers,LAN,86,76,21318704,247891.90697674418
1990,Minnesota Twins,MIN,74,88,14602000,197324.32432432432
1990,Milwaukee Brewers,ML4,74,88,19719167,266475.2297297297
1990,Montreal Expos,MON,85,77,16586388,195133.97647058824
1990,New York Yankees,NYA,67,95,20912318,312124.14925373136
1990,New York Mets,NYN,91,71,21722834,238712.46153846153
1990,Oakland Athletics,OAK,103,59,19887501,193082.53398058252
1990,Philadelphia Phillies,PHI,77,85,13173667,171086.58441558442
1990,Pittsburgh Pirates,PIT,95,67,15556000,163747.36842105264
1990,San Diego Padres,SDN,75,87,17588334,234511.12
1990,Seattle Mariners,SEA,77,85,12553667,163034.63636363635
1990,San Francisco Giants,SFN,85,77,19335333,227474.50588235294
1990,St. Louis Cardinals,SLN,70,92,20523334,293190.4857142857
1990,Texas Rangers,TEX,83,79,14874372,179209.3012048193
1990,Toronto Blue Jays,TOR,86,76,17756834,206474.81395348837
1991,Atlanta Braves,ATL,94,68,18403500,195781.914893617
1991,Baltimore Orioles,BAL,67,95,17519000,261477.61194029852
1991,Boston Red Sox,BOS,84,78,35167500,418660.71428571426
1991,California Angels,CAL,81,81,33060001,408148.16049382713
1991,Chicago White Sox,CHA,87,75,16919667,194478.93103448275
1991,Chicago Cubs,CHN,77,83,23175667,300982.6883116883
1991,Cincinnati Reds,CIN,74,88,26305333,355477.47297297296
1991,Cleveland Indians,CLE,57,105,17635000,309385.9649122807
1991,Detroit Tigers,DET,84,78,23838333,283789.6785714286
1991,Houston Astros,HOU,65,97,12852500,197730.76923076922
1991,Kansas City Royals,KCA,82,80,26319834,320973.5853658537
1991,Los Angeles Dodgers,LAN,93,69,32790664,352587.7849462366
1991,Minnesota Twins,MIN,95,67,23361833,245914.03157894738
1991,Milwaukee Brewers,ML4,83,79,23115500,278500.0
1991,Montreal Expos,MON,71,90,10732333,151159.61971830987
1991,New York Yankees,NYA,71,91,27344168,385129.1267605634
1991,New York Mets,NYN,77,84,32590001,423246.7662337662
1991,Oakland Athletics,OAK,84,78,36999167,440466.2738095238
1991,Philadelphia Phillies,PHI,78,84,22487332,288299.1282051282
1991,Pittsburgh Pirates,PIT,98,64,23634667,241170.07142857142
1991,San Diego Padres,SDN,84,78,22150001,263690.4880952381
1991,Seattle Mariners,SEA,83,79,15691833,189058.22891566265
1991,San Francisco Giants,SFN,75,87,30967666,412902.2133333333
1991,St. Louis Cardinals,SLN,84,78,21860001,260238.10714285713
1991,Texas Rangers,TEX,85,77,18224500,214405.88235294117
1991,Toronto Blue Jays,TOR,91,71,19902417,218707.8791208791
1992,Atlanta Braves,ATL,98,64,34625333,353319.7244897959
1992,Baltimore Orioles,BAL,89,73,23780667,267198.5056179775
1992,Boston Red Sox,BOS,73,89,43610584,597405.2602739726
1992,California Angels,CAL,72,90,34749334,482629.6388888889
1992,Chicago White Sox,CHA,86,76,30160833,350707.3604651163
1992,Chicago Cubs,CHN,78,84,29829686,382431.8717948718
1992,Cincinnati Reds,CIN,90,72,35931499,399238.8777777778
1992,Cleveland Indians,CLE,76,86,9373044,123329.52631578948
1992,Detroit Tigers,DET,75,87,27322834,364304.4533333333
1992,Houston Astros,HOU,81,81,15407500,190216.04938271604
1992,Kansas City Royals,KCA,72,90,33893834,470747.69444444444
1992,Los Angeles Dodgers,LAN,63,99,44788166,710923.2698412698
1992,Minnesota Twins,MIN,90,72,28027834,311420.3777777778
1992,Milwaukee Brewers,ML4,92,70,31013667,337105.07608695654
1992,Montreal Expos,MON,87,75,15822334,181865.908045977
1992,New York Yankees,NYA,76,86,37543334,493991.2368421053
1992,New York Mets,NYN,72,90,44602002,619472.25
1992,Oakland Athletics,OAK,96,66,41035000,427447.9166666667
1992,Philadelphia Phillies,PHI,70,92,24383834,348340.4857142857
1992,Pittsburgh Pirates,PIT,96,66,33944167,353585.0729166667
1992,San Diego Padres,SDN,82,80,26854167,327489.84146341466
1992,Seattle Mariners,SEA,64,98,23179833,362184.890625
1992,San Francisco Giants,SFN,72,90,33163168,460599.55555555556
1992,St. Louis Cardinals,SLN,83,79,27583836,332335.3734939759
1992,Texas Rangers,TEX,77,85,30128167,391274.8961038961
1992,Toronto Blue Jays,TOR,96,66,44788666,466548.6041666667
1993,Atlanta Braves,ATL,104,58,41641417,400398.2403846154
1993,Baltimore Orioles,BAL,85,77,29096500,342311.76470588235
1993,Boston Red Sox,BOS,80,82,37120583,464007.2875
1993,California Angels,CAL,71,91,28588334,402652.59154929576
1993,Chicago White Sox,CHA,94,68,39696166,422299.6382978723
1993,Chicago Cubs,CHN,84,78,39386666,468888.88095238095
1993,Cincinnati Reds,CIN,73,89,44879666,614789.9452054794
1993,Cleveland Indians,CLE,76,86,18561000,244223.68421052632
1993,Colorado Rockies,COL,67,95,10353500,154529.85074626867
1993,Detroit Tigers,DET,85,77,38150165,448825.4705882353
1993,Florida Marlins,FLO,64,98,19330545,302039.765625
1993,Houston Astros,HOU,85,77,30210500,355417.64705882355
1993,Kansas City Royals,KCA,84,78,41346167,492216.2738095238
1993,Los Angeles Dodgers,LAN,81,81,39331999,485580.23456790124
1993,Minnesota Twins,MIN,71,91,28217933,397435.676056338
1993,Milwaukee Brewers,ML4,69,93,23806834,345026.5797101449
1993,Montreal Expos,MON,94,68,18899333,201056.7340425532
1993,New York Yankees,NYA,88,74,42624900,484373.86363636365
1993,New York Mets,NYN,59,103,39043667,661757.0677966102
1993,Oakland Athletics,OAK,68,94,37812333,556063.7205882353
1993,Philadelphia Phillies,PHI,97,65,28538334,294209.6288659794
1993,Pittsburgh Pirates,PIT,75,87,24822467,330966.2266666667
1993,San Diego Padres,SDN,61,101,25511333,418218.5737704918
1993,Seattle Mariners,SEA,82,80,32696333,398735.76829268294
1993,San Francisco Giants,SFN,103,59,35050000,340291.2621359223
1993,St. Louis Cardinals,SLN,87,75,23367334,268590.0459770115
1993,Texas Rangers,TEX,86,76,36376959,422987.8953488372
1993,Toronto Blue Jays,TOR,95,67,47279166,497675.43157894735
1994,Atlanta Braves,ATL,68,46,49383513,726228.1323529412
1994,Baltimore Orioles,BAL,63,49,38849769,616663.0
1994,Boston Red Sox,BOS,54,61,37859084,701094.1481481482
1994,California Angels,CAL,47,68,25156218,535238.6808510638
1994,Chicago White Sox,CHA,67,46,39183836,584833.3731343284
1994,Chicago Cubs,CHN,49,64,36287333,740557.8163265307
1994,Cincinnati Reds,CIN,66,48,40961833,620633.8333333334
1994,Cleveland Indians,CLE,66,47,30490500,461977.2727272727
1994,Colorado Rockies,COL,53,64,23887333,450704.3962264151
1994,Detroit Tigers,DET,53,62,41446501,782009.4528301887
1994,Florida Marlins,FLO,51,64,21633000,424176.4705882353
1994,Houston Astros,HOU,66,49,33126000,501909.0909090909
1994,Kansas City Royals,KCA,64,51,40541334,633458.34375
1994,Los Angeles Dodgers,LAN,58,56,38000001,655172.4310344828
1994,Minnesota Twins,MIN,53,60,28438500,536575.4716981133
1994,Milwaukee Brewers,ML4,53,62,24350500,459443.3962264151
1994,Montreal Expos,MON,74,40,19098000,258081.0810810811
1994,New York Yankees,NYA,70,43,45731334,653304.7714285714
1994,New York Mets,NYN,55,58,30956583,562846.9636363636
1994,Oakland Athletics,OAK,51,63,34172500,670049.0196078431
1994,Philadelphia Phillies,PHI,54,61,31599000,585166.6666666666
1994,Pittsburgh Pirates,PIT,53,61,24217250,456929.24528301886
1994,San Diego Padres,SDN,47,70,14916333,317368.78723404254
1994,Seattle Mariners,SEA,49,63,29228500,596500.0
1994,San Francisco Giants,SFN,55,60,42638666,775248.4727272728
1994,St. Louis Cardinals,SLN,53,61,29275601,552369.8301886793
1994,Texas Rangers,TEX,52,62,32973597,634107.6346153846
1994,Toronto Blue Jays,TOR,55,60,43433668,789703.0545454546
1995,Atlanta Braves,ATL,90,54,47235445,524838.2777777778
1995,Baltimore Orioles,BAL,71,73,43942521,618908.7464788732
1995,Boston Red Sox,BOS,86,58,32455518,377389.74418604653
1995,California Angels,CAL,78,67,31223171,400297.0641025641
1995,Chicago White Sox,CHA,68,76,46961282,690607.0882352941
1995,Chicago Cubs,CHN,73,71,29505834,404189.5068493151
1995,Cincinnati Reds,CIN,85,59,43144670,507584.35294117645
1995,Cleveland Indians,CLE,100,44,37937835,379378.35
1995,Colorado Rockies,COL,77,67,34154717,443567.75324675324
1995,Detroit Tigers,DET,60,84,37044168,617402.8
1995,Florida Marlins,FLO,67,76,24515781,365907.17910447763
1995,Houston Astros,HOU,76,68,34169834,449603.0789473684
1995,Kansas City Royals,KCA,70,74,29532834,421897.6285714286
1995,Los Angeles Dodgers,LAN,78,66,39273201,503502.57692307694
1995,Minnesota Twins,MIN,56,88,25410500,453758.9285714286
1995,Milwaukee Brewers,ML4,65,79,17798825,273828.07692307694
1995,Montreal Expos,MON,66,78,12364000,187333.33333333334
1995,New York Yankees,NYA,79,65,48874851,618669.0
1995,New York Mets,NYN,69,75,27674992,401086.84057971014
1995,Oakland Athletics,OAK,67,77,37739225,563272.0149253731
1995,Philadelphia Phillies,PHI,69,75,30555945,442839.7826086957
1995,Pittsburgh Pirates,PIT,58,86,18355345,316471.4655172414
1995,San Diego Padres,SDN,70,74,26382334,376890.4857142857
1995,Seattle Mariners,SEA,79,66,36481311,461788.746835443
1995,San Francisco Giants,SFN,67,77,36462777,544220.5522388059
1995,St. Louis Cardinals,SLN,62,81,37101000,598403.2258064516
1995,Texas Rangers,TEX,74,70,34581451,467316.9054054054
1995,Toronto Blue Jays,TOR,56,88,50590000,903392.8571428572
1996,Atlanta Braves,ATL,96,66,49698500,517692.7083333333
1996,Baltimore Orioles,BAL,88,74,54490315,619208.125
1996,Boston Red Sox,BOS,85,77,42393500,498747.0588235294
1996,California Angels,CAL,70,91,28738000,410542.85714285716
1996,Chicago White Sox,CHA,85,77,45139500,531052.9411764706
1996,Chicago Cubs,CHN,76,86,33081000,435276.3157894737
1996,Cincinnati Reds,CIN,81,81,42526334,525016.4691358025
1996,Cleveland Indians,CLE,99,62,48107360,485932.9292929293
1996,Colorado Rockies,COL,83,79,40179823,484094.2530120482
1996,Detroit Tigers,DET,53,109,23438000,442226.41509433964
1996,Florida Marlins,FLO,80,82,31022500,387781.25
1996,Houston Astros,HOU,82,80,28487000,347402.43902439025
1996,Kansas City Royals,KCA,75,86,20281250,270416.6666666667
1996,Los Angeles Dodgers,LAN,90,72,35355000,392833.3333333333
1996,Minnesota Twins,MIN,78,84,23117000,296371.7948717949
1996,Milwaukee Brewers,ML4,80,82,21730000,271625.0
1996,Montreal Expos,MON,88,74,16264500,184823.86363636365
1996,New York Yankees,NYA,92,70,54191792,589041.2173913043
1996,New York Mets,NYN,71,91,24479500,344781.6901408451
1996,Oakland Athletics,OAK,78,84,21243000,272346.1538461539
1996,Philadelphia Phillies,PHI,67,95,34314500,512156.7164179105
1996,Pittsburgh Pirates,PIT,73,89,23017500,315308.2191780822
1996,San Diego Padres,SDN,91,71,28348172,311518.37362637365
1996,Seattle Mariners,SEA,85,76,41328501,486217.65882352943
1996,San Francisco Giants,SFN,68,94,37144725,546245.9558823529
1996,St. Louis Cardinals,SLN,88,74,40269667,457609.8522727273
1996,Texas Rangers,TEX,90,72,39041528,433794.7555555556
1996,Toronto Blue Jays,TOR,74,88,29555083,399393.0135135135
1997,Anaheim Angels,ANA,84,78,31135472,370660.38095238095
1997,Atlanta Braves,ATL,101,61,52278500,517608.9108910891
1997,Baltimore Orioles,BAL,98,64,58516400,597106.1224489796
1997,Boston Red Sox,BOS,78,84,43558750,558445.5128205129
1997,Chicago White Sox,CHA,80,81,57740000,721750.0
1997,Chicago Cubs,CHN,68,94,42155333,619931.3676470588
1997,Cincinnati Reds,CIN,76,86,49768000,654842.1052631579
1997,Cleveland Indians,CLE,86,75,56802460,660493.7209302326
1997,Colorado Rockies,COL,83,79,43559667,524815.265060241
1997,Detroit Tigers,DET,79,83,17272000,218632.91139240508
1997,Florida Marlins,FLO,92,70,48692500,529266.304347826
1997,Houston Astros,HOU,84,78,34777500,414017.85714285716
1997,Kansas City Royals,KCA,67,94,34655000,517238.80597014923
1997,Los Angeles Dodgers,LAN,88,74,45380304,515685.2727272727
1997,Minnesota Twins,MIN,68,94,34072500,501066.17647058825
1997,Milwaukee Brewers,ML4,78,83,23655338,303273.5641025641
1997,Montreal Expos,MON,78,84,19295500,247378.20512820513
1997,New York Yankees,NYA,96,66,62241545,648349.4270833334
1997,New York Mets,NYN,88,74,39800400,452277.2727272727
1997,Oakland Athletics,OAK,65,97,24018500,369515.3846153846
1997,Philadelphia Phillies,PHI,68,94,36656500,539066.1764705882
1997,Pittsburgh Pirates,PIT,79,83,10771667,136350.21518987342
1997,San Diego Padres,SDN,76,86,37363672,491627.2631578947
1997,Seattle Mariners,SEA,90,72,41540661,461562.9
1997,San Francisco Giants,SFN,90,72,35592378,395470.86666666664
1997,St. Louis Cardinals,SLN,73,89,45456667,622694.0684931506
1997,Texas Rangers,TEX,77,85,53448838,694140.7532467532
1997,Toronto Blue Jays,TOR,76,86,47079833,619471.4868421053
1998,Anaheim Angels,ANA,85,77,41281000,485658.82352941175
1998,Arizona Diamondbacks,ARI,65,97,32347000,497646.1538461539
1998,Atlanta Braves,ATL,106,56,61186000,577226.4150943396
1998,Baltimore Orioles,BAL,79,83,72355634,915894.1012658228
1998,Boston Red Sox,BOS,92,70,56757000,616923.9130434783
1998,Chicago White Sox,CHA,80,82,38335000,479187.5
1998,Chicago Cubs,CHN,90,73,50838000,564866.6666666666
1998,Cincinnati Reds,CIN,77,85,23005000,298766.2337662338
1998,Cleveland Indians,CLE,89,73,60800166,683147.9325842697
1998,Colorado Rockies,COL,77,85,50484648,655644.7792207792
1998,Detroit Tigers,DET,65,97,24065000,370230.76923076925
1998,Florida Marlins,FLO,54,108,41322667,765234.574074074
1998,Houston Astros,HOU,102,60,42374000,415431.3725490196
1998,Kansas City Royals,KCA,72,89,36862500,511979.1666666667
1998,Los Angeles Dodgers,LAN,83,79,48820000,588192.7710843374
1998,Milwaukee Brewers,MIL,74,88,33914904,458309.5135135135
1998,Minnesota Twins,MIN,70,92,27927500,398964.28571428574
1998,Montreal Expos,MON,65,97,10641500,163715.38461538462
1998,New York Yankees,NYA,114,48,66806867,586025.149122807
1998,New York Mets,NYN,88,74,52077999,591795.4431818182
1998,Oakland Athletics,OAK,74,88,21303000,287878.3783783784
1998,Philadelphia Phillies,PHI,75,87,36297500,483966.6666666667
1998,Pittsburgh Pirates,PIT,69,93,15065000,218333.33333333334
1998,San Diego Padres,SDN,98,64,46861500,478178.5714285714
1998,Seattle Mariners,SEA,76,85,54087036,711671.5263157894
1998,San Francisco Giants,SFN,89,74,42565834,478267.797752809
1998,St. Louis Cardinals,SLN,83,79,54672521,658705.0722891566
1998,Tampa Bay Devil Rays,TBA,63,99,27280000,433015.873015873
1998,Texas Rangers,TEX,88,74,56572095,642864.7159090909
1998,Toronto Blue Jays,TOR,88,74,51376000,583818.1818181818
1999,Anaheim Angels,ANA,70,92,55388166,791259.5142857142
1999,Arizona Diamondbacks,ARI,100,62,68703999,687039.99
1999,Atlanta Braves,ATL,103,59,73140000,710097.0873786408
1999,Baltimore Orioles,BAL,78,84,80605863,1033408.5
1999,Boston Red Sox,BOS,94,68,63497500,675505.3191489362
1999,Chicago White Sox,CHA,75,86,25620000,341600.0
1999,Chicago Cubs,CHN,67,95,62343000,930492.5373134328
1999,Cincinnati Reds,CIN,96,67,33962761,353778.7604166667
1999,Cleveland Indians,CLE,97,65,72978462,752355.2783505154
1999,Colorado Rockies,COL,72,90,61935837,860219.9583333334
1999,Detroit Tigers,DET,69,92,36489666,528835.7391304348
1999,Florida Marlins,FLO,64,98,21085000,329453.125
1999,Houston Astros,HOU,97,65,54914000,566123.7113402062
1999,Kansas City Royals,KCA,64,97,26225000,409765.625
1999,Los Angeles Dodgers,LAN,77,85,80862453,1050161.7272727273
1999,Milwaukee Brewers,MIL,74,87,43377395,586181.0135135135
1999,Minnesota Twins,MIN,63,97,21257500,337420.6349206349
1999,Montreal Expos,MON,68,94,17903000,263279.4117647059
1999,New York Yankees,NYA,98,64,86734359,885044.4795918367
1999,New York Mets,NYN,97,66,65092092,671052.4948453609
1999,Oakland Athletics,OAK,87,75,24431833,280825.6666666667
1999,Philadelphia Phillies,PHI,77,85,31692500,411590.9090909091
1999,Pittsburgh Pirates,PIT,78,83,24697666,316636.74358974356
1999,San Diego Padres,SDN,74,88,49768179,672542.9594594594
1999,Seattle Mariners,SEA,79,83,54125003,685126.6202531646
1999,San Francisco Giants,SFN,86,76,46595057,541802.9883720931
1999,St. Louis Cardinals,SLN,75,86,49778195,663709.2666666667
1999,Tampa Bay Devil Rays,TBA,69,93,38870000,563333.3333333334
1999,Texas Rangers,TEX,95,67,76709931,807472.9578947368
1999,Toronto Blue Jays,TOR,84,78,45444333,541003.9642857143
2000,Anaheim Angels,ANA,82,80,51464167,627611.7926829269
2000,Arizona Diamondbacks,ARI,85,77,81027833,953268.6235294117
2000,Atlanta Braves,ATL,95,67,84537836,889871.9578947368
2000,Baltimore Orioles,BAL,74,88,81447435,1100641.0135135136
2000,Boston Red Sox,BOS,85,77,77940333,916945.094117647
2000,Chicago White Sox,CHA,95,67,31133500,327721.05263157893
2000,Chicago Cubs,CHN,65,97,60539333,931374.3538461538
2000,Cincinnati Reds,CIN,85,77,46867200,551378.8235294118
2000,Cleveland Indians,CLE,90,72,75880771,843119.6777777778
2000,Colorado Rockies,COL,82,80,61111190,745258.4146341464
2000,Detroit Tigers,DET,79,83,58265167,737533.7594936709
2000,Florida Marlins,FLO,79,82,19872000,251544.30379746837
2000,Houston Astros,HOU,72,90,51289111,712348.7638888889
2000,Kansas City Royals,KCA,77,85,23433000,304324.67532467534
2000,Los Angeles Dodgers,LAN,86,76,87924286,1022375.4186046511
2000,Milwaukee Brewers,MIL,73,89,36505333,500073.05479452055
2000,Minnesota Twins,MIN,69,93,16519500,239413.04347826086
2000,Montreal Expos,MON,67,95,32994333,492452.7313432836
2000,New York Yankees,NYA,87,74,92338260,1061359.3103448276
2000,New York Mets,NYN,94,68,79509776,845848.6808510638
2000,Oakland Athletics,OAK,91,70,31971333,351333.3296703297
2000,Philadelphia Phillies,PHI,65,97,47308000,727815.3846153846
2000,Pittsburgh Pirates,PIT,69,93,28928334,419251.2173913043
2000,San Diego Padres,SDN,76,86,54821000,721328.947368421
2000,Seattle Mariners,SEA,91,71,58915000,647417.5824175824
2000,San Francisco Giants,SFN,97,65,53737826,553998.206185567
2000,St. Louis Cardinals,SLN,95,67,61453863,646882.7684210526
2000,Tampa Bay Devil Rays,TBA,69,92,62765129,909639.5507246377
2000,Texas Rangers,TEX,71,91,70795921,997125.647887324
2000,Toronto Blue Jays,TOR,83,79,44838332,540220.8674698796
2001,Anaheim Angels,ANA,75,87,47535167,633802.2266666667
2001,Arizona Diamondbacks,ARI,92,70,85082999,924815.2065217391
2001,Atlanta Braves,ATL,88,74,91936166,1044729.1590909091
2001,Baltimore Orioles,BAL,63,98,67599540,1073008.5714285714
2001,Boston Red Sox,BOS,82,79,110035833,1341900.4024390243
2001,Chicago White Sox,CHA,83,79,65653667,791008.0361445784
2001,Chicago Cubs,CHN,88,74,64715833,735407.1931818182
2001,Cincinnati Reds,CIN,66,96,48986000,742212.1212121212
2001,Cleveland Indians,CLE,91,71,93152001,1023648.3626373627
2001,Colorado Rockies,COL,73,89,71541334,980018.2739726028
2001,Detroit Tigers,DET,66,96,53416167,809335.8636363636
2001,Florida Marlins,FLO,76,86,35762500,470559.2105263158
2001,Houston Astros,HOU,93,69,60612667,651749.1075268817
2001,Kansas City Royals,KCA,65,97,35422500,544961.5384615385
2001,Los Angeles Dodgers,LAN,86,76,109105953,1268673.8720930233
2001,Milwaukee Brewers,MIL,68,94,43886833,645394.6029411765
2001,Minnesota Twins,MIN,85,77,24130000,283882.35294117645
2001,Montreal Expos,MON,68,94,35159500,517051.4705882353
2001,New York Yankees,NYA,95,65,112287143,1181969.9263157896
2001,New York Mets,NYN,82,80,93174428,1136273.512195122
2001,Oakland Athletics,OAK,102,60,33810750,331477.9411764706
2001,Philadelphia Phillies,PHI,86,76,41663833,484463.17441860464
2001,Pittsburgh Pirates,PIT,62,100,57760833,931626.3387096775
2001,San Diego Padres,SDN,79,83,39182833,495985.2278481013
2001,Seattle Mariners,SEA,116,46,74720834,644145.1206896552
2001,San Francisco Giants,SFN,90,72,63280167,703112.9666666667
2001,St. Louis Cardinals,SLN,93,69,78538333,844498.2043010753
2001,Tampa Bay Devil Rays,TBA,62,100,56980000,919032.2580645161
2001,Texas Rangers,TEX,73,89,88633500,1214157.5342465753
2001,Toronto Blue Jays,TOR,80,82,76895999,961199.9875
2002,Anaheim Angels,ANA,99,63,61721667,623451.1818181818
2002,Arizona Diamondbacks,ARI,98,64,102819999,1049183.663265306
2002,Atlanta Braves,ATL,101,59,92870367,919508.5841584158
2002,Baltimore Orioles,BAL,67,95,60493487,902887.8656716418
2002,Boston Red Sox,BOS,93,69,108366060,1165226.4516129033
2002,Chicago White Sox,CHA,81,81,57052833,704355.9629629629
2002,Chicago Cubs,CHN,67,95,75690833,1129713.9253731344
2002,Cincinnati Reds,CIN,78,84,45050390,577569.1025641026
2002,Cleveland Indians,CLE,74,88,78909449,1066343.9054054054
2002,Colorado Rockies,COL,73,89,56851043,778781.4109589041
2002,Detroit Tigers,DET,55,106,55048000,1000872.7272727273
2002,Florida Marlins,FLO,79,83,41979917,531391.3544303797
2002,Houston Astros,HOU,84,78,63448417,755338.2976190476
2002,Kansas City Royals,KCA,62,100,47257000,762209.6774193548
2002,Los Angeles Dodgers,LAN,92,70,94850953,1030988.6195652174
2002,Milwaukee Brewers,MIL,56,106,50287833,897997.0178571428
2002,Minnesota Twins,MIN,94,67,40425000,430053.1914893617
2002,Montreal Expos,MON,83,79,38670500,465909.6385542169
2002,New York Yankees,NYA,103,58,125928583,1222607.6019417476
2002,New York Mets,NYN,75,86,94633593,1261781.24
2002,Oakland Athletics,OAK,103,59,40004167,388389.9708737864
2002,Philadelphia Phillies,PHI,80,81,57954999,724437.4875
2002,Pittsburgh Pirates,PIT,72,89,42323599,587827.7638888889
2002,San Diego Padres,SDN,66,96,41425000,627651.5151515151
2002,Seattle Mariners,SEA,93,69,80282668,863254.4946236559
2002,San Francisco Giants,SFN,95,66,78299835,824208.7894736842
2002,St. Louis Cardinals,SLN,97,65,74660875,769699.7422680412
2002,Tampa Bay Devil Rays,TBA,55,106,34380000,625090.9090909091
2002,Texas Rangers,TEX,72,90,105526122,1465640.5833333333
2002,Toronto Blue Jays,TOR,78,84,76864333,985440.1666666666
2003,Anaheim Angels,ANA,77,85,79031667,1026385.2857142857
2003,Arizona Diamondbacks,ARI,84,78,80657000,960202.380952381
2003,Atlanta Braves,ATL,101,61,106243667,1051917.495049505
2003,Baltimore Orioles,BAL,71,91,73877500,1040528.1690140845
2003,Boston Red Sox,BOS,95,67,99946500,1052068.4210526317
2003,Chicago White Sox,CHA,86,76,51010000,593139.5348837209
2003,Chicago Cubs,CHN,88,74,79868333,907594.6931818182
2003,Cincinnati Reds,CIN,69,93,59355667,860227.0579710145
2003,Cleveland Indians,CLE,68,94,48584834,714482.8529411765
2003,Colorado Rockies,COL,74,88,67179667,907833.3378378379
2003,Detroit Tigers,DET,43,119,49168000,1143441.8604651163
2003,Florida Marlins,FLO,91,71,49450000,543406.5934065934
2003,Houston Astros,HOU,87,75,71040000,816551.724137931
2003,Kansas City Royals,KCA,83,79,40518000,488168.6746987952
2003,Los Angeles Dodgers,LAN,85,77,105572620,1242030.8235294118
2003,Milwaukee Brewers,MIL,68,94,40627000,597455.8823529412
2003,Minnesota Twins,MIN,90,72,55505000,616722.2222222222
2003,Montreal Expos,MON,83,79,51948500,625885.5421686746
2003,New York Yankees,NYA,101,61,152749814,1512374.396039604
2003,New York Mets,NYN,66,95,116876429,1770854.9848484849
2003,Oakland Athletics,OAK,96,66,50260834,523550.3541666667
2003,Philadelphia Phillies,PHI,86,76,70780000,823023.2558139535
2003,Pittsburgh Pirates,PIT,75,87,54812429,730832.3866666667
2003,San Diego Padres,SDN,64,98,45210000,706406.25
2003,Seattle Mariners,SEA,93,69,86959167,935044.8064516129
2003,San Francisco Giants,SFN,100,61,82852167,828521.67
2003,St. Louis Cardinals,SLN,85,77,83786666,985725.4823529412
2003,Tampa Bay Devil Rays,TBA,63,99,19630000,311587.3015873016
2003,Texas Rangers,TEX,71,91,103491667,1457629.1126760563
2003,Toronto Blue Jays,TOR,86,76,51269000,596151.1627906977
2004,Anaheim Angels,ANA,92,70,100534667,1092768.1195652173
2004,Arizona Diamondbacks,ARI,51,111,69780750,1368250.0
2004,Atlanta Braves,ATL,96,66,90182500,939401.0416666666
2004,Baltimore Orioles,BAL,78,84,51623333,661837.6025641026
2004,Boston Red Sox,BOS,98,64,127298500,1298964.2857142857
2004,Chicago White Sox,CHA,83,79,65212500,785692.7710843374
2004,Chicago Cubs,CHN,89,73,90560000,1017528.0898876404
2004,Cincinnati Reds,CIN,76,86,46615250,613358.552631579
2004,Cleveland Indians,CLE,80,82,34319300,428991.25
2004,Colorado Rockies,COL,68,94,65445167,962428.9264705882
2004,Detroit Tigers,DET,72,90,46832000,650444.4444444445
2004,Florida Marlins,FLO,83,79,42143042,507747.4939759036
2004,Houston Astros,HOU,92,70,75397000,819532.6086956522
2004,Kansas City Royals,KCA,58,104,47609000,820844.8275862068
2004,Los Angeles Dodgers,LAN,93,69,92902001,998946.247311828
2004,Milwaukee Brewers,MIL,67,94,27528500,410873.1343283582
2004,Minnesota Twins,MIN,92,70,53585000,582445.6521739131
2004,Montreal Expos,MON,67,95,40897500,610410.4477611941
2004,New York Yankees,NYA,101,61,184193950,1823702.4752475247
2004,New York Mets,NYN,71,91,96660970,1361422.1126760563
2004,Oakland Athletics,OAK,91,71,59425667,653029.3076923077
2004,Philadelphia Phillies,PHI,86,76,92919167,1080455.4302325582
2004,Pittsburgh Pirates,PIT,72,89,32227929,447610.125
2004,San Diego Padres,SDN,87,75,55384833,636607.275862069
2004,Seattle Mariners,SEA,63,99,81515834,1293902.126984127
2004,San Francisco Giants,SFN,91,71,82019166,901309.5164835164
2004,St. Louis Cardinals,SLN,105,57,83228333,792650.7904761905
2004,Tampa Bay Devil Rays,TBA,70,91,29556667,422238.1
2004,Texas Rangers,TEX,89,73,55050417,618544.011235955
2004,Toronto Blue Jays,TOR,67,94,50017000,746522.3880597015
2005,Arizona Diamondbacks,ARI,77,85,62329166,809469.6883116884
2005,Atlanta Braves,ATL,90,72,86457302,960636.6888888889
2005,Baltimore Orioles,BAL,74,88,73914333,998842.3378378379
2005,Boston Red Sox,BOS,95,67,123505125,1300053.9473684211
2005,Chicago White Sox,CHA,99,63,75178000,759373.7373737374
2005,Chicago Cubs,CHN,79,83,87032933,1101682.6962025317
2005,Cincinnati Reds,CIN,73,89,61892583,847843.6027397261
2005,Cleveland Indians,CLE,93,69,41502500,446263.44086021505
2005,Colorado Rockies,COL,67,95,47839000,714014.9253731343
2005,Detroit Tigers,DET,71,91,69092000,973126.7605633803
2005,Florida Marlins,FLO,83,79,60408834,727817.2771084338
2005,Houston Astros,HOU,89,73,76779000,862685.3932584269
2005,Kansas City Royals,KCA,56,106,36881000,658589.2857142857
2005,Los Angeles Angels of Anaheim,LAA,95,67,94867822,998608.652631579
2005,Los Angeles Dodgers,LAN,71,91,83039000,1169563.38028169
2005,Milwaukee Brewers,MIL,81,81,39934833,493022.6296296296
2005,Minnesota Twins,MIN,83,79,56186000,676939.7590361446
2005,New York Yankees,NYA,95,67,208306817,2192703.3368421053
2005,New York Mets,NYN,83,79,101305821,1220552.060240964
2005,Oakland Athletics,OAK,88,74,55425762,629838.2045454546
2005,Philadelphia Phillies,PHI,88,74,95522000,1085477.2727272727
2005,Pittsburgh Pirates,PIT,67,95,38133000,569149.2537313433
2005,San Diego Padres,SDN,82,80,63290833,771839.4268292683
2005,Seattle Mariners,SEA,69,93,87754334,1271801.9420289856
2005,San Francisco Giants,SFN,75,87,90199500,1202660.0
2005,St. Louis Cardinals,SLN,100,62,92106833,921068.33
2005,Tampa Bay Devil Rays,TBA,67,95,29679067,442971.14925373136
2005,Texas Rangers,TEX,79,83,55849000,706949.3670886076
2005,Toronto Blue Jays,TOR,80,82,45719500,571493.75
2005,Washington Nationals,WAS,81,81,48581500,599771.6049382716
2006,Arizona Diamondbacks,ARI,76,86,59684226,785318.7631578947
2006,Atlanta Braves,ATL,79,83,90156876,1141226.2784810127
2006,Baltimore Orioles,BAL,70,92,72585582,1036936.8857142857
2006,Boston Red Sox,BOS,86,76,120099824,1396509.5813953488
2006,Chicago White Sox,CHA,90,72,102750667,1141674.0777777778
2006,Chicago Cubs,CHN,66,96,94424499,1430674.2272727273
2006,Cincinnati Reds,CIN,80,82,60909519,761368.9875
2006,Cleveland Indians,CLE,78,84,56031500,718352.5641025641
2006,Colorado Rockies,COL,76,86,41233000,542539.4736842106
2006,Detroit Tigers,DET,95,67,82612866,869609.1157894736
2006,Florida Marlins,FLO,78,84,14671500,188096.15384615384
2006,Houston Astros,HOU,82,80,88694435,1081639.4512195121
2006,Kansas City Royals,KCA,62,100,47294000,762806.4516129033
2006,Los Angeles Angels of Anaheim,LAA,89,73,103472000,1162606.7415730336
2006,Los Angeles Dodgers,LAN,88,74,98447187,1118718.0340909092
2006,Milwaukee Brewers,MIL,75,87,57568333,767577.7733333333
2006,Minnesota Twins,MIN,96,66,63396006,660375.0625
2006,New York Yankees,NYA,97,65,194663079,2006835.8659793814
2006,New York Mets,NYN,97,65,101084963,1042113.0206185566
2006,Oakland Athletics,OAK,93,69,62243079,669280.4193548387
2006,Philadelphia Phillies,PHI,85,77,88273333,1038509.8
2006,Pittsburgh Pirates,PIT,67,95,46717750,697279.8507462686
2006,San Diego Padres,SDN,88,74,69896141,794274.3295454546
2006,Seattle Mariners,SEA,78,84,87959833,1127690.1666666667
2006,San Francisco Giants,SFN,76,85,90056419,1184952.8815789474
2006,St. Louis Cardinals,SLN,83,78,88891371,1070980.373493976
2006,Tampa Bay Devil Rays,TBA,61,101,34917967,572425.6885245901
2006,Texas Rangers,TEX,80,82,68228662,852858.275
2006,Toronto Blue Jays,TOR,87,75,71365000,820287.356321839
2006,Washington Nationals,WAS,71,91,63143000,889338.0281690141
2007,Arizona Diamondbacks,ARI,90,72,52067546,578528.2888888889
2007,Atlanta Braves,ATL,84,78,87290833,1039176.5833333334
2007,Baltimore Orioles,BAL,69,93,93174808,1350359.536231884
2007,Boston Red Sox,BOS,96,66,143026214,1489856.3958333333
2007,Chicago White Sox,CHA,72,90,108671833,1509331.013888889
2007,Chicago Cubs,CHN,85,77,99670332,1172592.1411764706
2007,Cincinnati Reds,CIN,72,90,68524980,951735.8333333334
2007,Cleveland Indians,CLE,96,66,61673267,642429.8645833334
2007,Colorado Rockies,COL,90,73,54041000,600455.5555555555
2007,Detroit Tigers,DET,88,74,94800369,1077276.9204545454
2007,Florida Marlins,FLO,71,91,30507000,429676.05633802817
2007,Houston Astros,HOU,73,89,87759000,1202178.082191781
2007,Kansas City Royals,KCA,69,93,67116500,972702.8985507246
2007,Los Angeles Angels of Anaheim,LAA,94,68,109251333,1162248.2234042552
2007,Los Angeles Dodgers,LAN,82,80,108454524,1322616.1463414633
2007,Milwaukee Brewers,MIL,83,79,70986500,855259.0361445784
2007,Minnesota Twins,MIN,79,83,71439500,904297.4683544304
2007,New York Yankees,NYA,94,68,189259045,2013394.0957446808
2007,New York Mets,NYN,88,74,115231663,1309450.7159090908
2007,Oakland Athletics,OAK,76,86,79366940,1044301.8421052631
2007,Philadelphia Phillies,PHI,89,73,89428213,1004811.3820224719
2007,Pittsburgh Pirates,PIT,68,94,38537833,566732.8382352941
2007,San Diego Padres,SDN,89,74,58110567,652927.7191011236
2007,Seattle Mariners,SEA,88,74,106460833,1209782.1931818181
2007,San Francisco Giants,SFN,71,91,90219056,1270690.9295774647
2007,St. Louis Cardinals,SLN,78,84,90286823,1157523.3717948718
2007,Tampa Bay Devil Rays,TBA,66,96,24123500,365507.57575757575
2007,Texas Rangers,TEX,75,87,68318675,910915.6666666666
2007,Toronto Blue Jays,TOR,83,79,81942800,987262.6506024096
2007,Washington Nationals,WAS,73,89,36947500,506130.1369863014
2008,Arizona Diamondbacks,ARI,82,80,66202712,807350.1463414634
2008,Atlanta Braves,ATL,72,90,102365683,1421745.5972222222
2008,Baltimore Orioles,BAL,68,93,67196246,988180.0882352941
2008,Boston Red Sox,BOS,95,67,133390035,1404105.6315789474
2008,Chicago White Sox,CHA,89,74,121189332,1361677.8876404495
2008,Chicago Cubs,CHN,97,64,118345833,1220060.1340206186
2008,Cincinnati Reds,CIN,74,88,74117695,1001590.472972973
2008,Cleveland Indians,CLE,81,81,78970066,974939.086419753
2008,Colorado Rockies,COL,74,88,68655500,927777.027027027
2008,Detroit Tigers,DET,74,88,137685196,1860610.7567567567
2008,Florida Marlins,FLO,84,77,21811500,259660.7142857143
2008,Houston Astros,HOU,86,75,88930414,1034074.5813953489
2008,Kansas City Royals,KCA,75,87,58245500,776606.6666666666
2008,Los Angeles Angels of Anaheim,LAA,100,62,119216333,1192163.33
2008,Los Angeles Dodgers,LAN,84,78,118588536,1411768.2857142857
2008,Milwaukee Brewers,MIL,90,72,80937499,899305.5444444445
2008,Minnesota Twins,MIN,88,75,56932766,646963.25
2008,New York Yankees,NYA,89,73,207896789,2335918.9775280897
2008,New York Mets,NYN,89,73,137793376,1548240.1797752809
2008,Oakland Athletics,OAK,75,86,47967126,639561.68
2008,Philadelphia Phillies,PHI,92,70,97879880,1063911.7391304348
2008,Pittsburgh Pirates,PIT,67,95,48689783,726713.1791044776
2008,San Diego Padres,SDN,63,99,73677616,1169485.9682539683
2008,Seattle Mariners,SEA,61,101,117666482,1928958.7213114754
2008,San Francisco Giants,SFN,72,90,76594500,1063812.5
2008,St. Louis Cardinals,SLN,86,76,99624449,1158423.8255813953
2008,Tampa Bay Rays,TBA,97,65,43820597,451758.73195876286
2008,Texas Rangers,TEX,79,83,67712326,857118.0506329114
2008,Toronto Blue Jays,TOR,86,76,97793900,1137138.3720930233
2008,Washington Nationals,WAS,59,102,54961000,931542.3728813559
2009,Arizona Diamondbacks,ARI,70,92,73115666,1044509.5142857142
2009,Atlanta Braves,ATL,86,76,96726166,1124722.8604651163
2009,Baltimore Orioles,BAL,64,98,67101666,1048463.53125
2009,Boston Red Sox,BOS,95,67,121345999,1277326.305263158
2009,Chicago White Sox,CHA,79,83,96068500,1216056.9620253164
2009,Chicago Cubs,CHN,83,78,134809000,1624204.8192771084
2009,Cincinnati Reds,CIN,78,84,73558500,943057.6923076923
2009,Cleveland Indians,CLE,65,97,81579166,1255064.0923076924
2009,Colorado Rockies,COL,92,70,75201000,817402.1739130435
2009,Detroit Tigers,DET,86,77,115085145,1338199.3604651163
2009,Florida Marlins,FLO,87,75,36834000,423379.3103448276
2009,Houston Astros,HOU,74,88,102996414,1391843.4324324324
2009,Kansas City Royals,KCA,65,97,70519333,1084912.8153846154
2009,Los Angeles Angels of Anaheim,LAA,97,65,113709000,1172257.731958763
2009,Los Angeles Dodgers,LAN,95,67,100414592,1056995.7052631578
2009,Milwaukee Brewers,MIL,80,82,80182502,1002281.275
2009,Minnesota Twins,MIN,87,76,65299266,750566.275862069
2009,New York Yankees,NYA,103,59,201449189,1955817.3689320388
2009,New York Mets,NYN,70,92,149373987,2133914.1
2009,Oakland Athletics,OAK,75,87,61910000,825466.6666666666
2009,Philadelphia Phillies,PHI,93,69,113004046,1215097.2688172043
2009,Pittsburgh Pirates,PIT,62,99,48693000,785370.9677419355
2009,San Diego Padres,SDN,75,87,43333700,577782.6666666666
2009,Seattle Mariners,SEA,85,77,98904166,1163578.4235294117
2009,San Francisco Giants,SFN,88,74,83026450,943482.3863636364
2009,St. Louis Cardinals,SLN,91,71,88528409,972839.6593406594
2009,Tampa Bay Rays,TBA,84,78,63313034,753726.5952380953
2009,Texas Rangers,TEX,87,75,68178798,783664.3448275862
2009,Toronto Blue Jays,TOR,75,87,80538300,1073844.0
2009,Washington Nationals,WAS,59,103,59928000,1015728.813559322
2010,Arizona Diamondbacks,ARI,65,97,60718166,934125.6307692308
2010,Atlanta Braves,ATL,91,71,84423666,927732.5934065934
2010,Baltimore Orioles,BAL,66,96,81612500,1236553.0303030303
2010,Boston Red Sox,BOS,89,73,162447333,1825250.9325842697
2010,Chicago White Sox,CHA,88,74,105530000,1199204.5454545454
2010,Chicago Cubs,CHN,75,87,146609000,1954786.6666666667
2010,Cincinnati Reds,CIN,91,71,71761542,788588.3736263736
2010,Cleveland Indians,CLE,69,93,61203966,887014.0
2010,Colorado Rockies,COL,83,79,84227000,1014783.1325301204
2010,Detroit Tigers,DET,81,81,122864928,1516850.962962963
2010,Florida Marlins,FLO,80,82,57029719,712871.4875
2010,Houston Astros,HOU,76,86,92355500,1215203.9473684211
2010,Kansas City Royals,KCA,67,95,71405210,1065749.4029850746
2010,Los Angeles Angels of Anaheim,LAA,80,82,104963866,1312048.325
2010,Los Angeles Dodgers,LAN,80,82,95358016,1191975.2
2010,Milwaukee Brewers,MIL,77,85,81108278,1053354.2597402597
2010,Minnesota Twins,MIN,94,68,97559166,1037863.4680851063
2010,New York Yankees,NYA,95,67,206333389,2171930.4105263157
2010,New York Mets,NYN,79,83,134422942,1701556.2278481012
2010,Oakland Athletics,OAK,81,81,55254900,682159.2592592592
2010,Philadelphia Phillies,PHI,97,65,141928379,1463179.1649484537
2010,Pittsburgh Pirates,PIT,57,105,34943000,613035.0877192982
2010,San Diego Padres,SDN,90,72,37799300,419992.22222222225
2010,Seattle Mariners,SEA,61,101,86510000,1418196.7213114754
2010,San Francisco Giants,SFN,92,70,98641333,1072188.402173913
2010,St. Louis Cardinals,SLN,86,76,93540751,1087683.1511627906
2010,Tampa Bay Rays,TBA,96,66,71923471,749202.8229166666
2010,Texas Rangers,TEX,90,72,55250544,613894.9333333333
2010,Toronto Blue Jays,TOR,85,77,62234000,732164.7058823529
2010,Washington Nationals,WAS,69,93,61400000,889855.0724637681
2011,Arizona Diamondbacks,ARI,94,68,53639833,570636.5212765958
2011,Atlanta Braves,ATL,89,73,87002692,977558.3370786516
2011,Baltimore Orioles,BAL,69,93,85304038,1236290.4057971016
2011,Boston Red Sox,BOS,90,72,161762475,1797360.8333333333
2011,Chicago White Sox,CHA,79,83,127789000,1617582.2784810127
2011,Chicago Cubs,CHN,71,91,125047329,1761229.985915493
2011,Cincinnati Reds,CIN,79,83,75947134,961356.1265822785
2011,Cleveland Indians,CLE,80,82,48776566,609707.075
2011,Colorado Rockies,COL,73,89,88148071,1207507.8219178081
2011,Detroit Tigers,DET,95,67,105700231,1112634.0105263158
2011,Florida Marlins,FLO,72,90,56944000,790888.8888888889
2011,Houston Astros,HOU,56,106,70694000,1262392.857142857
2011,Kansas City Royals,KCA,71,91,35712000,502985.91549295775
2011,Los Angeles Angels of Anaheim,LAA,86,76,138543166,1610967.046511628
2011,Los Angeles Dodgers,LAN,82,79,104188999,1270597.5487804879
2011,Milwaukee Brewers,MIL,96,66,85497333,890597.21875
2011,Minnesota Twins,MIN,63,99,112737000,1789476.1904761905
2011,New York Yankees,NYA,97,65,202275028,2085309.5670103093
2011,New York Mets,NYN,77,85,118847309,1543471.5454545454
2011,Oakland Athletics,OAK,74,88,66536500,899141.8918918918
2011,Philadelphia Phillies,PHI,102,60,172976379,1695846.8529411764
2011,Pittsburgh Pirates,PIT,72,90,45047000,625652.7777777778
2011,San Diego Padres,SDN,71,91,45869140,646044.2253521127
2011,Seattle Mariners,SEA,67,95,86110600,1285232.8358208956
2011,San Francisco Giants,SFN,86,76,118198333,1374399.2209302327
2011,St. Louis Cardinals,SLN,90,72,105433572,1171484.1333333333
2011,Tampa Bay Rays,TBA,91,71,41053571,451138.14285714284
2011,Texas Rangers,TEX,96,66,92299264,961450.6666666666
2011,Toronto Blue Jays,TOR,81,81,62567800,772441.975308642
2011,Washington Nationals,WAS,80,81,63856928,798211.6
2012,Arizona Diamondbacks,ARI,81,81,73804833,911170.7777777778
2012,Atlanta Braves,ATL,94,68,82829942,881169.5957446808
2012,Baltimore Orioles,BAL,93,69,77353999,831763.4301075268
2012,Boston Red Sox,BOS,69,93,173186617,2509950.9710144927
2012,Chicago White Sox,CHA,85,77,96919500,1140229.4117647058
2012,Chicago Cubs,CHN,61,101,88197033,1445853.0
2012,Cincinnati Reds,CIN,97,65,82203616,847459.9587628866
2012,Cleveland Indians,CLE,68,94,78430300,1153386.7647058824
2012,Colorado Rockies,COL,64,98,78069571,1219837.046875
2012,Detroit Tigers,DET,88,74,132300000,1503409.0909090908
2012,Houston Astros,HOU,55,107,60651000,1102745.4545454546
2012,Kansas City Royals,KCA,72,90,60916225,846058.6805555555
2012,Los Angeles Angels of Anaheim,LAA,89,73,154485166,1735788.3820224719
2012,Los Angeles Dodgers,LAN,86,76,95143575,1106320.6395348837
2012,Miami Marlins,MIA,69,93,118078000,1711275.3623188406
2012,Milwaukee Brewers,MIL,83,79,97653944,1176553.5421686748
2012,Minnesota Twins,MIN,66,96,94085000,1425530.303030303
2012,New York Yankees,NYA,95,67,196522289,2068655.6736842105
2012,New York Mets,NYN,74,88,93353983,1261540.310810811
2012,Oakland Athletics,OAK,94,68,55372500,589069.1489361703
2012,Philadelphia Phillies,PHI,81,81,174538938,2154801.703703704
2012,Pittsburgh Pirates,PIT,79,83,62951999,796860.7468354431
2012,San Diego Padres,SDN,76,86,55244700,726903.947368421
2012,Seattle Mariners,SEA,75,87,81978100,1093041.3333333333
2012,San Francisco Giants,SFN,94,68,117620683,1251283.8617021276
2012,St. Louis Cardinals,SLN,88,74,110300862,1253418.8863636365
2012,Tampa Bay Rays,TBA,90,72,64173500,713038.8888888889
2012,Texas Rangers,TEX,93,69,120510974,1295816.9247311829
2012,Toronto Blue Jays,TOR,73,89,75009200,1027523.2876712328
2012,Washington Nationals,WAS,98,64,80855143,825052.4795918367
2013,Arizona Diamondbacks,ARI,81,81,90132000,1112740.7407407407
2013,Atlanta Braves,ATL,96,66,87871525,915328.3854166666
2013,Baltimore Orioles,BAL,85,77,84393333,992862.7411764705
2013,Boston Red Sox,BOS,97,65,151530000,1562164.9484536082
2013,Chicago White Sox,CHA,63,99,120065277,1905798.0476190476
2013,Chicago Cubs,CHN,66,96,100567726,1523753.4242424243
2013,Cincinnati Reds,CIN,90,72,106404462,1182271.8
2013,Cleveland Indians,CLE,92,70,75771800,823606.5217391305
2013,Colorado Rockies,COL,74,88,74409071,1005527.9864864865
2013,Detroit Tigers,DET,93,69,145989500,1569779.569892473
2013,Houston Astros,HOU,51,111,17890700,350798.03921568627
2013,Kansas City Royals,KCA,86,76,80091725,931299.1279069767
2013,Los Angeles Angels of Anaheim,LAA,78,84,124174750,1591983.9743589743
2013,Los Angeles Dodgers,LAN,92,70,223362196,2427849.9565217393
2013,Miami Marlins,MIA,62,100,33601900,541966.1290322581
2013,Milwaukee Brewers,MIL,74,88,76947033,1039824.7702702703
2013,Minnesota Twins,MIN,66,96,75337500,1141477.2727272727
2013,New York Yankees,NYA,85,77,231978886,2729163.3647058825
2013,New York Mets,NYN,74,88,49448346,668220.8918918918
2013,Oakland Athletics,OAK,96,66,60132500,626380.2083333334
2013,Philadelphia Phillies,PHI,73,89,169863189,2326893.0
2013,Pittsburgh Pirates,PIT,94,68,77062000,819808.5106382979
2013,San Diego Padres,SDN,76,86,65585500,862967.1052631579
2013,Seattle Mariners,SEA,71,91,74005043,1042324.5492957747
2013,San Francisco Giants,SFN,76,86,140180334,1844478.0789473683
2013,St. Louis Cardinals,SLN,97,65,92260110,951135.1546391753
2013,Tampa Bay Rays,TBA,92,71,52955272,575600.7826086957
2013,Texas Rangers,TEX,91,72,112522600,1236512.087912088
2013,Toronto Blue Jays,TOR,74,88,126288100,1706595.945945946
2013,Washington Nationals,WAS,86,76,113703270,1322131.046511628
2014,Arizona Diamondbacks,ARI,64,98,97861500,1529085.9375
2014,Atlanta Braves,ATL,79,83,97609000,1235556.9620253164
2014,Baltimore Orioles,BAL,96,66,103416000,1077250.0
2014,Boston Red Sox,BOS,71,91,139019929,1958027.1690140846
2014,Chicago White Sox,CHA,73,89,81830500,1120965.7534246575
2014,Chicago Cubs,CHN,73,89,65522500,897568.493150685
2014,Cincinnati Reds,CIN,76,86,108217500,1423914.4736842106
2014,Cleveland Indians,CLE,85,77,82151899,966492.9294117647
2014,Colorado Rockies,COL,66,96,95403500,1445507.5757575757
2014,Detroit Tigers,DET,90,72,152855500,1698394.4444444445
2014,Houston Astros,HOU,70,92,35116300,501661.4285714286
2014,Kansas City Royals,KCA,89,73,74594075,838135.6741573034
2014,Los Angeles Angels of Anaheim,LAA,98,64,121988250,1244778.0612244897
2014,Los Angeles Dodgers,LAN,94,68,217014600,2308665.9574468085
2014,Miami Marlins,MIA,77,85,41836900,543336.3636363636
2014,Milwaukee Brewers,MIL,82,80,101217000,1234353.6585365853
2014,Minnesota Twins,MIN,70,92,83762500,1196607.142857143
2014,New York Yankees,NYA,84,78,197543907,2351713.1785714286
2014,New York Mets,NYN,79,83,85556990,1082999.8734177216
2014,Oakland Athletics,OAK,88,74,72408400,822822.7272727273
2014,Philadelphia Phillies,PHI,73,89,180944967,2478698.178082192
2014,Pittsburgh Pirates,PIT,88,74,77178000,877022.7272727273
2014,San Diego Padres,SDN,77,85,75685700,982931.1688311688
2014,Seattle Mariners,SEA,87,75,92531100,1063575.8620689656
2014,San Francisco Giants,SFN,88,74,163510167,1858070.0795454546
2014,St. Louis Cardinals,SLN,90,72,120693000,1341033.3333333333
2014,Tampa Bay Rays,TBA,77,85,72689100,944014.2857142857
2014,Texas Rangers,TEX,67,95,112255059,1675448.6417910447
2014,Toronto Blue Jays,TOR,83,79,109920100,1324338.5542168675
2014,Washington Nationals,WAS,96,66,131983680,1374830.0
2015,Arizona Diamondbacks,ARI,79,83,61834000,782708.8607594937
2015,Atlanta Braves,ATL,67,95,71781250,1071361.9402985075
2015,Baltimore Orioles,BAL,81,81,115044833,1420306.5802469135
2015,Boston Red Sox,BOS,78,84,181103400,2321838.4615384615
2015,Chicago White Sox,CHA,76,86,112373700,1478601.3157894737
2015,Chicago Cubs,CHN,97,65,115879310,1194632.06185567
2015,Cincinnati Reds,CIN,64,98,113072286,1766754.46875
2015,Cleveland Indians,CLE,81,80,87663766,1082268.7160493827
2015,Colorado Rockies,COL,68,94,95688600,1407185.294117647
2015,Detroit Tigers,DET,74,87,172284750,2328172.2972972975
2015,Houston Astros,HOU,86,76,72256200,840188.3720930233
2015,Kansas City Royals,KCA,95,67,112107025,1180073.9473684211
2015,Los Angeles Angels of Anaheim,LAA,85,77,120005415,1411828.4117647058
2015,Los Angeles Dodgers,LAN,92,70,215792000,2345565.217391304
2015,Miami Marlins,MIA,71,91,68056500,958542.2535211268
2015,Milwaukee Brewers,MIL,68,94,100850000,1483088.2352941176
2015,Minnesota Twins,MIN,83,79,107755000,1298253.0120481928
2015,New York Yankees,NYA,87,75,212751957,2445424.793103448
2015,New York Mets,NYN,90,72,96766683,1075185.3666666667
2015,Oakland Athletics,OAK,68,94,79053501,1162551.4852941176
2015,Philadelphia Phillies,PHI,63,99,111693000,1772904.761904762
2015,Pittsburgh Pirates,PIT,98,64,88892499,907066.3163265307
2015,San Diego Padres,SDN,74,88,118441300,1600558.1081081082
2015,Seattle Mariners,SEA,76,86,122208700,1608009.2105263157
2015,San Francisco Giants,SFN,84,78,164701500,1960732.142857143
2015,St. Louis Cardinals,SLN,100,62,119241500,1192415.0
2015,Tampa Bay Rays,TBA,80,82,64521233,806515.4125
2015,Texas Rangers,TEX,88,74,143742789,1633440.7840909092
2015,Toronto Blue Jays,TOR,93,69,112992400,1214972.0430107526
2015,Washington Nationals,WAS,83,79,155587472,1874547.8554216868
2016,Arizona Diamondbacks,ARI,69,93,87439063,1267232.7971014492
2016,Atlanta Braves,ATL,68,93,68498291,1007327.8088235294
2016,Baltimore Orioles,BAL,89,73,161863456,1818690.5168539325
2016,Boston Red Sox,BOS,93,69,188545761,2027373.7741935484
2016,Chicago White Sox,CHA,78,84,112998667,1448700.858974359
2016,Chicago Cubs,CHN,103,58,154067668,1495802.6019417476
2016,Cincinnati Reds,CIN,68,94,88940059,1307942.044117647
2016,Cleveland Indians,CLE,94,67,74311900,790552.1276595745
2016,Colorado Rockies,COL,75,87,112645071,1501934.28
2016,Detroit Tigers,DET,86,75,194876481,2266005.593023256
2016,Houston Astros,HOU,84,78,94893700,1129686.9047619049
2016,Kansas City Royals,KCA,81,81,131487125,1623297.8395061728
2016,Los Angeles Angels of Anaheim,LAA,74,88,137251333,1854747.7432432433
2016,Los Angeles Dodgers,LAN,91,71,221288380,2431740.4395604394
2016,Miami Marlins,MIA,79,82,77314202,978660.7848101265
2016,Milwaukee Brewers,MIL,73,89,68775237,942126.5342465753
2016,Minnesota Twins,MIN,59,103,102583200,1738698.3050847459
2016,New York Yankees,NYA,84,78,222997792,2654735.619047619
2016,New York Mets,NYN,87,75,133889129,1538955.5057471264
2016,Oakland Athletics,OAK,69,93,86806234,1258061.3623188406
2016,Philadelphia Phillies,PHI,71,91,58980000,830704.2253521127
2016,Pittsburgh Pirates,PIT,78,83,103778833,1330497.858974359
2016,San Diego Padres,SDN,68,94,101424814,1491541.3823529412
2016,Seattle Mariners,SEA,86,76,135683339,1577713.2441860465
2016,San Francisco Giants,SFN,87,75,172253778,1979928.4827586208
2016,St. Louis Cardinals,SLN,86,76,143053500,1663412.7906976745
2016,Tampa Bay Rays,TBA,68,94,57097310,839666.3235294118
2016,Texas Rangers,TEX,95,67,176038723,1853039.1894736842
2016,Toronto Blue Jays,TOR,89,73,138701700,1558446.0674157303
2016,Washington Nationals,WAS,95,67,141652646,1491080.4842105263
